/Display_name,/Product_code,/Version
accountsservice,,0.6.45-1ubuntu1.3
acl,,2.2.52-3build1
acpi-support,,0.142
acpid,,1:2.0.28-1ubuntu1
adduser,,3.116ubuntu1
adium-theme-ubuntu,,0.3.4-0ubuntu4
adwaita-icon-theme,,3.28.0-1ubuntu1
aisleriot,,1:3.22.5-1
alsa-base,,1.0.25+dfsg-0ubuntu5
alsa-utils,,1.1.3-1ubuntu1
amd64-microcode,,3.20191021.1+really3.20181128.1~ubuntu0.18.04.1
anacron,,2.3-24
ant,,1.10.3-1
ant-optional,,1.10.3-1
antlr,,2.7.7+dfsg-9.2
anydesk,,6.1.1
apache2,,2.4.29-1ubuntu4.18
apache2-bin,,2.4.29-1ubuntu4.18
apache2-data,,2.4.29-1ubuntu4.18
apache2-utils,,2.4.29-1ubuntu4.18
apg,,2.2.3.dfsg.1-5
app-install-data-partner,,16.04
apparmor,,2.12-4ubuntu5.1
apport,,2.20.9-0ubuntu7.27
apport-gtk,,2.20.9-0ubuntu7.27
apport-symptoms,,0.20
appstream,,0.12.0-3
apt,,1.6.12ubuntu0.2
apt-config-icons,,0.12.0-3
apt-transport-https,,1.6.14
apt-utils,,1.6.12ubuntu0.2
aptdaemon,,1.1.1+bzr982-0ubuntu19.5
aptdaemon-data,,1.1.1+bzr982-0ubuntu19.5
apturl,,0.5.2ubuntu14
apturl-common,,0.5.2ubuntu14
aspell,,0.60.7~20110707-4ubuntu0.2
aspell-en,,2017.08.24-0-0.1
at-spi2-core,,2.28.0-1
avahi-autoipd,,0.7-3.1ubuntu1.3
avahi-daemon,,0.7-3.1ubuntu1.3
avahi-utils,,0.7-3.1ubuntu1.3
baobab,,3.28.0-1
base-files,,10.1ubuntu2
base-passwd,,3.5.44
bash,,4.4.18-2ubuntu1
bash-completion,,1:2.8-1ubuntu1
bc,,1.07.1-2
bind9-host,,1:9.11.3+dfsg-1ubuntu1.16
binutils,,2.30-21ubuntu1~18.04.7
binutils-common:amd64,,2.30-21ubuntu1~18.04.7
binutils-x86-64-linux-gnu,,2.30-21ubuntu1~18.04.7
bluez,,5.48-0ubuntu3.5
bluez-cups,,5.48-0ubuntu3.5
bluez-obexd,,5.48-0ubuntu3.5
bolt,,0.2-0ubuntu1
branding-ubuntu,,0.10
brltty,,5.5-4ubuntu2
bsdmainutils,,11.1.2ubuntu1
bsdutils,,1:2.31.1-0.4ubuntu3.7
build-essential,,12.4ubuntu1
busybox-initramfs,,1:1.27.2-2ubuntu3.3
busybox-static,,1:1.27.2-2ubuntu3.3
bzip2,,1.0.6-8.1ubuntu0.2
ca-certificates,,20210119~18.04.2
ca-certificates-java,,20180516ubuntu1~18.04.1
cgroupfs-mount,,1.4
cheese,,3.28.0-1ubuntu1
cheese-common,,3.28.0-1ubuntu1
code,,1.61.2-1634656828
colord,,1.3.3-2build1
colord-data,,1.3.3-2build1
command-not-found,,18.04.4
command-not-found-data,,18.04.4
conntrack,,1:1.4.4+snapshot20161117-6ubuntu2
console-setup,,1.178ubuntu2
console-setup-linux,,1.178ubuntu2
containerd.io,,1.4.12-1
coreutils,,8.28-1ubuntu1
cpio,,2.12+dfsg-6ubuntu0.18.04.4
cpp,,4:7.4.0-1ubuntu2.3
cpp-7,,7.5.0-3ubuntu1~18.04
cracklib-runtime,,2.9.2-5build1
crda,,3.18-1build1
cri-tools,,1.13.0-01
cron,,3.0pl1-128.1ubuntu1
cups,,2.2.7-1ubuntu2.8
cups-browsed,,1.20.2-0ubuntu3.1
cups-bsd,,2.2.7-1ubuntu2.8
cups-client,,2.2.7-1ubuntu2.8
cups-common,,2.2.7-1ubuntu2.8
cups-core-drivers,,2.2.7-1ubuntu2.8
cups-daemon,,2.2.7-1ubuntu2.8
cups-filters,,1.20.2-0ubuntu3.1
cups-filters-core-drivers,,1.20.2-0ubuntu3.1
cups-ipp-utils,,2.2.7-1ubuntu2.8
cups-pk-helper,,0.2.6-1ubuntu1
cups-ppdc,,2.2.7-1ubuntu2.8
cups-server-common,,2.2.7-1ubuntu2.8
curl,,7.58.0-2ubuntu3.16
cvs,,2:1.12.13+real-26
daemon,,0.6.4-1build1
dash,,0.5.8-2.10
dbus,,1.12.2-1ubuntu1.2
dbus-user-session,,1.12.2-1ubuntu1.2
dbus-x11,,1.12.2-1ubuntu1.2
dc,,1.07.1-2
dconf-cli,,0.26.0-2ubuntu3
dconf-gsettings-backend:amd64,,0.26.0-2ubuntu3
dconf-service,,0.26.0-2ubuntu3
debconf,,1.5.66
debconf-i18n,,1.5.66
debianutils,,4.8.4
default-jre,,2:1.11-68ubuntu1~18.04.1
default-jre-headless,,2:1.11-68ubuntu1~18.04.1
deja-dup,,37.1-2fakesync1
desktop-file-utils,,0.23-1ubuntu3
dh-python,,3.20180325ubuntu2
dictionaries-common,,1.27.2
diffstat,,1.61-1build1
diffutils,,1:3.6-1
dirmngr,,2.2.4-1ubuntu1.4
distro-info-data,,0.37ubuntu0.13
dmidecode,,3.1-1
dmsetup,,2:1.02.145-4.1ubuntu3
dmz-cursor-theme,,0.4.5ubuntu1
dns-root-data,,2018013001
dnsmasq-base,,2.79-1ubuntu0.4
dnsutils,,1:9.11.3+dfsg-1ubuntu1.16
docker,,1.5-1build1
docker-ce,,5:20.10.16~3-0~ubuntu-bionic
docker-ce-cli,,5:20.10.16~3-0~ubuntu-bionic
docker-ce-rootless-extras,,5:20.10.7~3-0~ubuntu-bionic
docker-compose,,1.17.1-2
docker-scan-plugin,,0.8.0~ubuntu-bionic
docutils-common,,0.14+dfsg-3
dosfstools,,4.1-1
dpkg,,1.19.0.5ubuntu2
dpkg-dev,,1.19.0.5ubuntu2.3
e2fsprogs,,1.44.1-1ubuntu1.3
ebtables,,2.0.10.4-3.5ubuntu2.18.04.3
ed,,1.10-2.1
efibootmgr,,15-1
eject,,2.1.5+deb1+cvs20081104-13.2
emacsen-common,,2.0.8
enchant,,1.6.0-11.1
eog,,3.28.1-1
erlang-asn1,,1:23.0.3-1
erlang-base,,1:23.0.3-1
erlang-crypto,,1:23.0.3-1
erlang-eldap,,1:23.0.3-1
erlang-ftp,,1:23.0.3-1
erlang-inets,,1:23.0.3-1
erlang-mnesia,,1:23.0.3-1
erlang-os-mon,,1:23.0.3-1
erlang-parsetools,,1:23.0.3-1
erlang-public-key,,1:23.0.3-1
erlang-runtime-tools,,1:23.0.3-1
erlang-snmp,,1:23.0.3-1
erlang-ssl,,1:23.0.3-1
erlang-syntax-tools,,1:23.0.3-1
erlang-tftp,,1:23.0.3-1
erlang-tools,,1:23.0.3-1
erlang-xmerl,,1:23.0.3-1
espeak-ng-data:amd64,,1.49.2+dfsg-1
ethtool,,1:4.15-0ubuntu1
evince,,3.28.4-0ubuntu1.2
evince-common,,3.28.4-0ubuntu1.2
evolution-data-server,,3.28.5-0ubuntu0.18.04.3
evolution-data-server-common,,3.28.5-0ubuntu0.18.04.3
example-content,,50
fakeroot,,1.22-2ubuntu1
fdisk,,2.31.1-0.4ubuntu3.7
file,,1:5.32-2ubuntu0.4
file-roller,,3.28.0-1ubuntu1.3
findutils,,4.6.0+git+20170828-2
firefox,,94.0+build3-0ubuntu0.18.04.1
firefox-locale-en,,94.0+build3-0ubuntu0.18.04.1
fontconfig,,2.12.6-0ubuntu2
fontconfig-config,,2.12.6-0ubuntu2
fonts-beng,,2:1.2
fonts-beng-extra,,1.0-6
fonts-dejavu-core,,2.37-1
fonts-dejavu-extra,,2.37-1
fonts-deva,,2:1.2
fonts-deva-extra,,3.0-4
fonts-droid-fallback,,1:6.0.1r16-1.1
fonts-freefont-ttf,,20120503-7
fonts-gargi,,2.0-4
fonts-gubbi,,1.3-3
fonts-gujr,,2:1.2
fonts-gujr-extra,,1.0-6
fonts-guru,,2:1.2
fonts-guru-extra,,2.0-4
fonts-indic,,2:1.2
fonts-kacst,,2.01+mry-14
fonts-kacst-one,,5.0+svn11846-9
fonts-kalapi,,1.0-2
fonts-khmeros-core,,5.0-7ubuntu1
fonts-knda,,2:1.2
fonts-lao,,0.0.20060226-9ubuntu1
fonts-lato,,2.0-2
fonts-liberation,,1:1.07.4-5
fonts-liberation2,,2.00.1-7~18.04.2
fonts-lklug-sinhala,,0.6-3
fonts-lohit-beng-assamese,,2.91.5-1
fonts-lohit-beng-bengali,,2.91.5-1
fonts-lohit-deva,,2.95.4-2
fonts-lohit-gujr,,2.92.4-2
fonts-lohit-guru,,2.91.2-1
fonts-lohit-knda,,2.5.4-1
fonts-lohit-mlym,,2.92.2-1
fonts-lohit-orya,,2.91.2-1
fonts-lohit-taml,,2.91.3-1
fonts-lohit-taml-classical,,2.5.4-1
fonts-lohit-telu,,2.5.5-1
fonts-mlym,,2:1.2
fonts-nakula,,1.0-3
fonts-navilu,,1.2-2
fonts-noto-cjk,,1:20170601+repack1-2
fonts-noto-color-emoji,,0~20180424-0ubuntu1
fonts-noto-mono,,20171026-2
fonts-opensymbol,,2:102.10+LibO6.0.7-0ubuntu0.18.04.10
fonts-orya,,2:1.2
fonts-orya-extra,,2.0-5
fonts-pagul,,1.0-7
fonts-sahadeva,,1.0-4
fonts-samyak-deva,,1.2.2-4
fonts-samyak-gujr,,1.2.2-4
fonts-samyak-mlym,,1.2.2-4
fonts-samyak-taml,,1.2.2-4
fonts-sarai,,1.0-2
fonts-sil-abyssinica,,1.500-1
fonts-sil-padauk,,3.003-1
fonts-smc,,1:7.0
fonts-smc-anjalioldlipi,,7.0-2
fonts-smc-chilanka,,1.2.0-2
fonts-smc-dyuthi,,2.0-1
fonts-smc-karumbi,,1.0-1
fonts-smc-keraleeyam,,2.0-1
fonts-smc-manjari,,1.5.1-1
fonts-smc-meera,,7.0-2
fonts-smc-rachana,,7.0-2
fonts-smc-raghumalayalamsans,,2.1.1-2
fonts-smc-suruma,,3.2.1-1
fonts-smc-uroob,,2.0-1
fonts-taml,,2:1.3
fonts-telu,,2:1.2
fonts-telu-extra,,2.0-4
fonts-thai-tlwg,,1:0.6.4-2
fonts-tibetan-machine,,1.901b-5
fonts-tlwg-garuda,,1:0.6.4-2
fonts-tlwg-garuda-ttf,,1:0.6.4-2
fonts-tlwg-kinnari,,1:0.6.4-2
fonts-tlwg-kinnari-ttf,,1:0.6.4-2
fonts-tlwg-laksaman,,1:0.6.4-2
fonts-tlwg-laksaman-ttf,,1:0.6.4-2
fonts-tlwg-loma,,1:0.6.4-2
fonts-tlwg-loma-ttf,,1:0.6.4-2
fonts-tlwg-mono,,1:0.6.4-2
fonts-tlwg-mono-ttf,,1:0.6.4-2
fonts-tlwg-norasi,,1:0.6.4-2
fonts-tlwg-norasi-ttf,,1:0.6.4-2
fonts-tlwg-purisa,,1:0.6.4-2
fonts-tlwg-purisa-ttf,,1:0.6.4-2
fonts-tlwg-sawasdee,,1:0.6.4-2
fonts-tlwg-sawasdee-ttf,,1:0.6.4-2
fonts-tlwg-typewriter,,1:0.6.4-2
fonts-tlwg-typewriter-ttf,,1:0.6.4-2
fonts-tlwg-typist,,1:0.6.4-2
fonts-tlwg-typist-ttf,,1:0.6.4-2
fonts-tlwg-typo,,1:0.6.4-2
fonts-tlwg-typo-ttf,,1:0.6.4-2
fonts-tlwg-umpush,,1:0.6.4-2
fonts-tlwg-umpush-ttf,,1:0.6.4-2
fonts-tlwg-waree,,1:0.6.4-2
fonts-tlwg-waree-ttf,,1:0.6.4-2
fonts-ubuntu,,0.83-2
foomatic-db-compressed-ppds,,20180306-1
friendly-recovery,,0.2.38
ftp,,0.17-34
fuse,,2.9.7-1ubuntu1
fwupd,,1.2.10-1ubuntu2~ubuntu18.04.5
fwupd-signed,,1.10~ubuntu18.04.4+1.2.10-1ubuntu2~ubuntu18.04.5
fwupdate,,10-3
fwupdate-signed,,1.18+10-3
g++,,4:7.4.0-1ubuntu2.3
g++-7,,7.5.0-3ubuntu1~18.04
gcc,,4:7.4.0-1ubuntu2.3
gcc-7,,7.5.0-3ubuntu1~18.04
gcc-7-base:amd64,,7.5.0-3ubuntu1~18.04
gcc-8-base:amd64,,8.4.0-1ubuntu1~18.04
gcr,,3.28.0-1
gdb,,8.1-0ubuntu3
gdbserver,,8.1-0ubuntu3
gdebi-core,,0.9.5.7+nmu2
gdisk,,1.0.3-1
gdm3,,3.28.3-0ubuntu18.04.6
gedit,,3.28.1-1ubuntu1
gedit-common,,3.28.1-1ubuntu1
genisoimage,,9:1.1.11-3ubuntu2
geoclue-2.0,,2.4.7-1ubuntu1
geoip-database,,20180315-1
gettext,,0.19.8.1-6ubuntu0.3
gettext-base,,0.19.8.1-6ubuntu0.3
ghostscript,,9.26~dfsg+0-0ubuntu0.18.04.14
ghostscript-x,,9.26~dfsg+0-0ubuntu0.18.04.14
gir1.2-accountsservice-1.0,,0.6.45-1ubuntu1.3
gir1.2-atk-1.0:amd64,,2.28.1-1
gir1.2-atspi-2.0:amd64,,2.28.0-1
gir1.2-dbusmenu-glib-0.4:amd64,,16.04.1+18.04.20171206-0ubuntu1
gir1.2-dee-1.0,,1.2.7+17.10.20170616-0ubuntu4
gir1.2-freedesktop:amd64,,1.56.1-1
gir1.2-gck-1:amd64,,3.28.0-1
gir1.2-gcr-3:amd64,,3.28.0-1
gir1.2-gdesktopenums-3.0:amd64,,3.28.0-1ubuntu1
gir1.2-gdkpixbuf-2.0:amd64,,2.36.11-2
gir1.2-gdm-1.0,,3.28.3-0ubuntu18.04.6
gir1.2-geoclue-2.0:amd64,,2.4.7-1ubuntu1
gir1.2-geocodeglib-1.0:amd64,,3.25.4.1-4
gir1.2-glib-2.0:amd64,,1.56.1-1
gir1.2-gmenu-3.0:amd64,,3.13.3-11ubuntu1
gir1.2-gnomebluetooth-1.0:amd64,,3.28.0-2
gir1.2-gnomedesktop-3.0:amd64,,3.28.1-1ubuntu1
gir1.2-goa-1.0:amd64,,3.28.0-0ubuntu2
gir1.2-gst-plugins-base-1.0:amd64,,1.14.5-0ubuntu1~18.04.3
gir1.2-gstreamer-1.0:amd64,,1.14.5-0ubuntu1~18.04.2
gir1.2-gtk-3.0:amd64,,3.22.30-1ubuntu1
gir1.2-gtksource-3.0:amd64,,3.24.7-1
gir1.2-gudev-1.0:amd64,,1:232-2
gir1.2-gweather-3.0:amd64,,3.28.1-1
gir1.2-ibus-1.0:amd64,,1.5.17-3ubuntu5.3
gir1.2-javascriptcoregtk-4.0:amd64,,2.32.4-0ubuntu0.18.04.1
gir1.2-json-1.0:amd64,,1.4.2-3
gir1.2-mutter-2:amd64,,3.28.1-1ubuntu1
gir1.2-nm-1.0:amd64,,1.10.6-2ubuntu1
gir1.2-nma-1.0:amd64,,1.8.10-2ubuntu1
gir1.2-notify-0.7:amd64,,0.7.7-3
gir1.2-packagekitglib-1.0,,1.1.9-1ubuntu2.18.04.6
gir1.2-pango-1.0:amd64,,1.40.14-1ubuntu0.1
gir1.2-peas-1.0:amd64,,1.22.0-2
gir1.2-polkit-1.0,,0.105-20ubuntu0.18.04.5
gir1.2-rb-3.0:amd64,,3.4.2-4ubuntu1
gir1.2-rsvg-2.0:amd64,,2.40.20-2ubuntu0.2
gir1.2-secret-1:amd64,,0.18.6-1
gir1.2-snapd-1:amd64,,1.49-0ubuntu0.18.04.2
gir1.2-soup-2.4:amd64,,2.62.1-1ubuntu0.4
gir1.2-totem-1.0:amd64,,3.26.0-0ubuntu6
gir1.2-totemplparser-1.0:amd64,,3.26.0-1ubuntu2
gir1.2-udisks-2.0:amd64,,2.7.6-3ubuntu0.2
gir1.2-unity-5.0:amd64,,7.1.4+18.04.20180209.1-0ubuntu2
gir1.2-upowerglib-1.0:amd64,,0.99.7-2
gir1.2-vte-2.91:amd64,,0.52.1-1ubuntu1
gir1.2-webkit2-4.0:amd64,,2.32.4-0ubuntu0.18.04.1
gir1.2-wnck-3.0:amd64,,3.24.1-2
git,,1:2.17.1-1ubuntu0.9
git-daemon-run,,1:2.17.1-1ubuntu0.8
git-el,,1:2.17.1-1ubuntu0.8
git-man,,1:2.17.1-1ubuntu0.9
github-desktop,,2.9.3-linux3
gitsome,,0.7.0-2
gitweb,,1:2.17.1-1ubuntu0.8
gjs,,1.52.1-1ubuntu1
gkbd-capplet,,3.26.0-3
glib-networking:amd64,,2.56.0-1ubuntu0.1
glib-networking-common,,2.56.0-1ubuntu0.1
glib-networking-services,,2.56.0-1ubuntu0.1
gnome-accessibility-themes,,3.28-1ubuntu1
gnome-bluetooth,,3.28.0-2
gnome-calendar,,3.28.1-1ubuntu2
gnome-control-center,,1:3.28.1-0ubuntu1
gnome-control-center-data,,1:3.28.1-0ubuntu1
gnome-control-center-faces,,1:3.28.1-0ubuntu1
gnome-desktop3-data,,3.28.1-1ubuntu1
gnome-disk-utility,,3.28.1-0ubuntu1
gnome-font-viewer,,3.28.0-1
gnome-getting-started-docs,,3.28.1-0ubuntu1
gnome-initial-setup,,3.28.0-2ubuntu6
gnome-keyring,,3.28.0.2-1ubuntu1
gnome-keyring-pkcs11:amd64,,3.28.0.2-1ubuntu1
gnome-mahjongg,,1:3.22.0-3
gnome-menus,,3.13.3-11ubuntu1
gnome-mines,,1:3.28.0-1
gnome-online-accounts,,3.28.0-0ubuntu2
gnome-power-manager,,3.26.0-1
gnome-screenshot,,3.25.0-0ubuntu2
gnome-session-bin,,3.28.1-0ubuntu2
gnome-session-canberra,,0.30-5ubuntu1
gnome-session-common,,3.28.1-0ubuntu2
gnome-settings-daemon,,3.28.1-0ubuntu1
gnome-settings-daemon-schemas,,3.28.1-0ubuntu1
gnome-shell,,3.28.1-0ubuntu2
gnome-shell-common,,3.28.1-0ubuntu2
gnome-shell-extension-appindicator,,18.04.1
gnome-shell-extension-ubuntu-dock,,0.9.1
gnome-software,,3.28.1-0ubuntu4
gnome-software-common,,3.28.1-0ubuntu4
gnome-software-plugin-snap,,3.28.1-0ubuntu4
gnome-startup-applications,,3.28.1-0ubuntu2
gnome-sudoku,,1:3.28.0-1
gnome-terminal,,3.28.1-1ubuntu1
gnome-terminal-data,,3.28.1-1ubuntu1
gnome-themes-extra:amd64,,3.28-1ubuntu1
gnome-themes-extra-data,,3.28-1ubuntu1
gnome-todo,,3.28.1-1
gnome-todo-common,,3.28.1-1
gnome-user-docs,,3.28.1-0ubuntu1
gnome-user-guide,,3.28.1-0ubuntu1
gnome-video-effects,,0.4.3-1ubuntu1
gnupg,,2.2.4-1ubuntu1.4
gnupg-l10n,,2.2.4-1ubuntu1.4
gnupg-utils,,2.2.4-1ubuntu1.4
golang-docker-credential-helpers,,0.5.0-2
google-chrome-stable,,96.0.4664.45-1
gpg,,2.2.4-1ubuntu1.4
gpg-agent,,2.2.4-1ubuntu1.4
gpg-wks-client,,2.2.4-1ubuntu1.4
gpg-wks-server,,2.2.4-1ubuntu1.4
gpgconf,,2.2.4-1ubuntu1.4
gpgsm,,2.2.4-1ubuntu1.4
gpgv,,2.2.4-1ubuntu1.4
graphviz,,2.40.1-2
grep,,3.1-2
grilo-plugins-0.3-base:amd64,,0.3.5-1ubuntu1
groff-base,,1.22.3-10
groovy,,2.4.15-1ubuntu1
grub-common,,2.02-2ubuntu8.23
grub-gfxpayload-lists,,0.7
grub-pc,,2.02-2ubuntu8.23
grub-pc-bin,,2.02-2ubuntu8.23
grub2-common,,2.02-2ubuntu8.23
gsettings-desktop-schemas,,3.28.0-1ubuntu1
gsettings-ubuntu-schemas,,0.0.7+17.10.20170922-0ubuntu1
gsfonts,,1:8.11+urwcyr1.0.7~pre44-4.4
gstreamer1.0-alsa:amd64,,1.14.5-0ubuntu1~18.04.3
gstreamer1.0-clutter-3.0:amd64,,3.0.26-1
gstreamer1.0-gl:amd64,,1.14.5-0ubuntu1~18.04.3
gstreamer1.0-gtk3:amd64,,1.14.5-0ubuntu1~18.04.2
gstreamer1.0-packagekit,,1.1.9-1ubuntu2.18.04.6
gstreamer1.0-plugins-base:amd64,,1.14.5-0ubuntu1~18.04.3
gstreamer1.0-plugins-base-apps,,1.14.5-0ubuntu1~18.04.3
gstreamer1.0-plugins-good:amd64,,1.14.5-0ubuntu1~18.04.2
gstreamer1.0-pulseaudio:amd64,,1.14.5-0ubuntu1~18.04.2
gstreamer1.0-tools,,1.14.5-0ubuntu1~18.04.2
gstreamer1.0-x:amd64,,1.14.5-0ubuntu1~18.04.3
gtk-update-icon-cache,,3.22.30-1ubuntu1
gtk2-engines-murrine:amd64,,0.98.2-2ubuntu1
gtk2-engines-pixbuf:amd64,,2.24.32-1ubuntu1
guile-2.0-libs:amd64,,2.0.13+1-5build2
gvfs:amd64,,1.36.1-0ubuntu1.3.3
gvfs-backends,,1.36.1-0ubuntu1.3.3
gvfs-bin,,1.36.1-0ubuntu1.3.3
gvfs-common,,1.36.1-0ubuntu1.3.3
gvfs-daemons,,1.36.1-0ubuntu1.3.3
gvfs-fuse,,1.36.1-0ubuntu1.3.3
gvfs-libs:amd64,,1.36.1-0ubuntu1.3.3
gyp,,0.1+20150913git1f374df9-1ubuntu1
gzip,,1.6-5ubuntu1
hdparm,,9.54+ds-1
hicolor-icon-theme,,0.17-2
hostname,,3.20
hplip,,3.17.10+repack0-5
hplip-data,,3.17.10+repack0-5
humanity-icon-theme,,0.6.15
hunspell-en-us,,1:2017.08.24
hyphen-en-us,,2.8.8-5
ibus,,1.5.17-3ubuntu5.3
ibus-gtk:amd64,,1.5.17-3ubuntu5.3
ibus-gtk3:amd64,,1.5.17-3ubuntu5.3
ibus-table,,1.9.14-3
ifupdown,,0.8.17ubuntu1
iio-sensor-proxy,,2.4-2
im-config,,0.34-1ubuntu1
imagemagick,,8:6.9.7.4+dfsg-16ubuntu6.11
imagemagick-6-common,,8:6.9.7.4+dfsg-16ubuntu6.11
imagemagick-6.q16,,8:6.9.7.4+dfsg-16ubuntu6.11
info,,6.5.0.dfsg.1-2
init,,1.51
init-system-helpers,,1.51
initramfs-tools,,0.130ubuntu3
initramfs-tools-bin,,0.130ubuntu3
initramfs-tools-core,,0.130ubuntu3
inputattach,,1:1.6.0-2
install-info,,6.5.0.dfsg.1-2
intel-microcode,,3.20210608.0ubuntu0.18.04.1
intltool-debian,,0.35.0+20060710.4
ippusbxd,,1.32-2
iproute2,,4.15.0-2ubuntu1.1
iptables,,1.6.1-2ubuntu2
iputils-arping,,3:20161105-1ubuntu2
iputils-ping,,3:20161105-1ubuntu2
iputils-tracepath,,3:20161105-1ubuntu2
irqbalance,,1.3.0-0.1
isc-dhcp-client,,4.3.5-3ubuntu7.3
isc-dhcp-common,,4.3.5-3ubuntu7.3
iso-codes,,3.79-1
iucode-tool,,2.3.1-1
ivy,,2.4.0-3
iw,,4.14-0.1
java-common,,0.68ubuntu1~18.04.1
javascript-common,,11
jenkins,,2.307
jq,,1.5+dfsg-2
junit4,,4.12-6
kbd,,2.0.4-2ubuntu1
kerneloops,,0.12+git20140509-6ubuntu2
keyboard-configuration,,1.178ubuntu2
klibc-utils,,2.0.4-9ubuntu2
kmod,,24-1ubuntu3
krb5-locales,,1.16-2ubuntu0.2
kubeadm,,1.22.2-00
kubectl,,1.22.2-00
kubelet,,1.22.2-00
kubernetes-cni,,0.8.7-00
language-pack-en,,1:18.04+20190718
language-pack-en-base,,1:18.04+20180423
language-pack-gnome-en,,1:18.04+20190718
language-pack-gnome-en-base,,1:18.04+20180423
language-selector-common,,0.188
language-selector-gnome,,0.188
laptop-detect,,0.16
less,,487-0.1
libaa1:amd64,,1.4p5-44build2
libabw-0.1-1:amd64,,0.1.2-1ubuntu1
libaccountsservice0:amd64,,0.6.45-1ubuntu1.3
libacl1:amd64,,2.2.52-3build1
libaio1:amd64,,0.3.110-5ubuntu0.1
libalgorithm-diff-perl,,1.19.03-1
libalgorithm-diff-xs-perl,,0.04-5
libalgorithm-merge-perl,,0.08-3
libann0,,1.1.2+doc-6
libantlr-java,,2.7.7+dfsg-9.2
libao-common,,1.2.2+20180113-1ubuntu1
libao4:amd64,,1.2.2+20180113-1ubuntu1
libapache-pom-java,,18-1
libapache2-mod-wsgi-py3,,4.5.17-1
libapparmor1:amd64,,2.12-4ubuntu5.1
libappindicator3-1,,12.10.1+18.04.20180322.1-0ubuntu1
libappstream-glib8:amd64,,0.7.7-2
libappstream4:amd64,,0.12.0-3
libapr1:amd64,,1.6.3-2
libaprutil1:amd64,,1.6.1-2
libaprutil1-dbd-sqlite3:amd64,,1.6.1-2
libaprutil1-ldap:amd64,,1.6.1-2
libapt-inst2.0:amd64,,1.6.12ubuntu0.2
libapt-pkg-perl,,0.1.33build1
libapt-pkg5.0:amd64,,1.6.12ubuntu0.2
libarchive-zip-perl,,1.60-1ubuntu0.1
libarchive13:amd64,,3.2.2-3.1ubuntu0.7
libargon2-0:amd64,,0~20161029-1.1
libart-2.0-2:amd64,,2.3.21-3
libasan4:amd64,,7.5.0-3ubuntu1~18.04
libasm-java,,6.0-1
libasn1-8-heimdal:amd64,,7.5.0+dfsg-1
libasound2:amd64,,1.1.3-5
libasound2-data,,1.1.3-5
libasound2-plugins:amd64,,1.1.1-1ubuntu1
libaspell15:amd64,,0.60.7~20110707-4ubuntu0.2
libassuan0:amd64,,2.5.1-2
libasyncns0:amd64,,0.8-6
libatasmart4:amd64,,0.19-4
libatk-adaptor:amd64,,2.26.2-1
libatk-bridge2.0-0:amd64,,2.26.2-1
libatk-wrapper-java,,0.33.3-20ubuntu0.1
libatk-wrapper-java-jni:amd64,,0.33.3-20ubuntu0.1
libatk1.0-0:amd64,,2.28.1-1
libatk1.0-data,,2.28.1-1
libatkmm-1.6-1v5:amd64,,2.24.2-3
libatm1:amd64,,1:2.5.1-2build1
libatomic1:amd64,,8.4.0-1ubuntu1~18.04
libatspi2.0-0:amd64,,2.28.0-1
libattr1:amd64,,1:2.4.47-2build1
libaudio2:amd64,,1.9.4-6
libaudit-common,,1:2.8.2-1ubuntu1
libaudit1:amd64,,1:2.8.2-1ubuntu1
libauthen-sasl-perl,,2.1600-1
libavahi-client3:amd64,,0.7-3.1ubuntu1.3
libavahi-common-data:amd64,,0.7-3.1ubuntu1.3
libavahi-common3:amd64,,0.7-3.1ubuntu1.3
libavahi-core7:amd64,,0.7-3.1ubuntu1.3
libavahi-glib1:amd64,,0.7-3.1ubuntu1.3
libavahi-ui-gtk3-0:amd64,,0.7-3.1ubuntu1.3
libavc1394-0:amd64,,0.5.4-4build1
libbabeltrace1:amd64,,1.5.5-1
libbind9-160:amd64,,1:9.11.3+dfsg-1ubuntu1.16
libbinutils:amd64,,2.30-21ubuntu1~18.04.7
libblkid1:amd64,,2.31.1-0.4ubuntu3.7
libblockdev-crypto2:amd64,,2.16-2
libblockdev-fs2:amd64,,2.16-2
libblockdev-loop2:amd64,,2.16-2
libblockdev-part-err2:amd64,,2.16-2
libblockdev-part2:amd64,,2.16-2
libblockdev-swap2:amd64,,2.16-2
libblockdev-utils2:amd64,,2.16-2
libblockdev2:amd64,,2.16-2
libbluetooth3:amd64,,5.48-0ubuntu3.5
libboost-date-time1.65.1:amd64,,1.65.1+dfsg-0ubuntu5
libboost-filesystem1.65.1:amd64,,1.65.1+dfsg-0ubuntu5
libboost-iostreams1.65.1:amd64,,1.65.1+dfsg-0ubuntu5
libboost-locale1.65.1:amd64,,1.65.1+dfsg-0ubuntu5
libboost-system1.65.1:amd64,,1.65.1+dfsg-0ubuntu5
libboost-thread1.65.1:amd64,,1.65.1+dfsg-0ubuntu5
libbrlapi0.6:amd64,,5.5-4ubuntu2
libbrotli1:amd64,,1.0.3-1ubuntu1.3
libbsd0:amd64,,0.8.7-1ubuntu0.1
libbsf-java,,1:2.4.0-5build1
libbz2-1.0:amd64,,1.0.6-8.1ubuntu0.2
libc-ares2:amd64,,1.14.0-1
libc-bin,,2.27-3ubuntu1.2
libc-dev-bin,,2.27-3ubuntu1.2
libc6:amd64,,2.27-3ubuntu1.2
libc6-dbg:amd64,,2.27-3ubuntu1.2
libc6-dev:amd64,,2.27-3ubuntu1.2
libcaca0:amd64,,0.99.beta19-2ubuntu0.18.04.3
libcairo-gobject-perl,,1.004-2build3
libcairo-gobject2:amd64,,1.15.10-2
libcairo-perl,,1.106-2build2
libcairo2:amd64,,1.15.10-2
libcairomm-1.0-1v5:amd64,,1.12.2-3
libcamel-1.2-61:amd64,,3.28.5-0ubuntu0.18.04.3
libcanberra-gtk3-0:amd64,,0.30-5ubuntu1
libcanberra-gtk3-module:amd64,,0.30-5ubuntu1
libcanberra-pulse:amd64,,0.30-5ubuntu1
libcanberra0:amd64,,0.30-5ubuntu1
libcap-ng0:amd64,,0.7.7-3.1
libcap2:amd64,,1:2.25-1.2
libcap2-bin,,1:2.25-1.2
libcc1-0:amd64,,8.4.0-1ubuntu1~18.04
libcdio-cdda2:amd64,,10.2+0.94+2-2build1
libcdio-paranoia2:amd64,,10.2+0.94+2-2build1
libcdio17:amd64,,1.0.0-2ubuntu2
libcdparanoia0:amd64,,3.10.2+debian-13
libcdr-0.1-1:amd64,,0.1.4-1build1
libcdt5,,2.40.1-2
libcgi-fast-perl,,1:2.13-1
libcgi-pm-perl,,4.38-1
libcgraph6,,2.40.1-2
libcharon-standard-plugins,,5.6.2-1ubuntu2
libcheese-gtk25:amd64,,3.28.0-1ubuntu1
libcheese8:amd64,,3.28.0-1ubuntu1
libcilkrts5:amd64,,7.5.0-3ubuntu1~18.04
libclass-accessor-perl,,0.51-1
libclone-perl,,0.39-1
libclucene-contribs1v5:amd64,,2.3.3.4+dfsg-1
libclucene-core1v5:amd64,,2.3.3.4+dfsg-1
libclutter-1.0-0:amd64,,1.26.2+dfsg-4
libclutter-1.0-common,,1.26.2+dfsg-4
libclutter-gst-3.0-0:amd64,,3.0.26-1
libclutter-gtk-1.0-0:amd64,,1.8.4-3
libcmis-0.5-5v5,,0.5.1+git20160603-3build2
libcogl-common,,1.22.2-3
libcogl-pango20:amd64,,1.22.2-3
libcogl-path20:amd64,,1.22.2-3
libcogl20:amd64,,1.22.2-3
libcolamd2:amd64,,1:5.1.2-2
libcolord-gtk1:amd64,,0.1.26-2
libcolord2:amd64,,1.3.3-2build1
libcolorhug2:amd64,,1.3.3-2build1
libcom-err2:amd64,,1.44.1-1ubuntu1.3
libcommon-sense-perl,,3.74-2build2
libcommons-cli-java,,1.4-1
libcommons-logging-java,,1.2-2
libcommons-parent-java,,43-1
libcrack2:amd64,,2.9.2-5build1
libcroco3:amd64,,0.6.12-2
libcryptsetup12:amd64,,2:2.0.2-1ubuntu1
libcups2:amd64,,2.2.7-1ubuntu2.8
libcupscgi1:amd64,,2.2.7-1ubuntu2.8
libcupsfilters1:amd64,,1.20.2-0ubuntu3.1
libcupsimage2:amd64,,2.2.7-1ubuntu2.8
libcupsmime1:amd64,,2.2.7-1ubuntu2.8
libcupsppdc1:amd64,,2.2.7-1ubuntu2.8
libcurl3-gnutls:amd64,,7.58.0-2ubuntu3.16
libcurl4:amd64,,7.58.0-2ubuntu3.16
libdaemon0:amd64,,0.14-6
libdata-dump-perl,,1.23-1
libdatrie1:amd64,,0.2.10-7
libdazzle-1.0-0:amd64,,3.28.1-1
libdb5.3:amd64,,5.3.28-13.1ubuntu1.1
libdbus-1-3:amd64,,1.12.2-1ubuntu1.2
libdbus-glib-1-2:amd64,,0.110-2
libdbusmenu-glib4:amd64,,16.04.1+18.04.20171206-0ubuntu1
libdbusmenu-gtk3-4:amd64,,16.04.1+18.04.20171206-0ubuntu1
libdbusmenu-gtk4:amd64,,16.04.1+18.04.20171206-0ubuntu1
libdconf1:amd64,,0.26.0-2ubuntu3
libdebconfclient0:amd64,,0.213ubuntu1
libdee-1.0-4:amd64,,1.2.7+17.10.20170616-0ubuntu4
libdevmapper1.02.1:amd64,,2:1.02.145-4.1ubuntu3
libdigest-hmac-perl,,1.03+dfsg-1
libdjvulibre-text,,3.5.27.1-8ubuntu0.4
libdjvulibre21:amd64,,3.5.27.1-8ubuntu0.4
libdmapsharing-3.0-2:amd64,,2.9.39-2
libdns-export1100,,1:9.11.3+dfsg-1ubuntu1.16
libdns1100:amd64,,1:9.11.3+dfsg-1ubuntu1.16
libdotconf0:amd64,,1.3-0.3fakesync1
libdpkg-perl,,1.19.0.5ubuntu2.3
libdrm-amdgpu1:amd64,,2.4.91-2
libdrm-common,,2.4.91-2
libdrm-intel1:amd64,,2.4.91-2
libdrm-nouveau2:amd64,,2.4.91-2
libdrm-radeon1:amd64,,2.4.91-2
libdrm2:amd64,,2.4.91-2
libdumbnet1:amd64,,1.12-7build1
libdv4:amd64,,1.0.0-11
libdw1:amd64,,0.170-0.4ubuntu0.1
libe-book-0.1-1:amd64,,0.1.3-1
libebackend-1.2-10:amd64,,3.28.5-0ubuntu0.18.04.3
libebook-1.2-19:amd64,,3.28.5-0ubuntu0.18.04.3
libebook-contacts-1.2-2:amd64,,3.28.5-0ubuntu0.18.04.3
libecal-1.2-19:amd64,,3.28.5-0ubuntu0.18.04.3
libedata-book-1.2-25:amd64,,3.28.5-0ubuntu0.18.04.3
libedata-cal-1.2-28:amd64,,3.28.5-0ubuntu0.18.04.3
libedataserver-1.2-23:amd64,,3.28.5-0ubuntu0.18.04.3
libedataserverui-1.2-2:amd64,,3.28.5-0ubuntu0.18.04.3
libedit2:amd64,,3.1-20170329-1
libefiboot1:amd64,,34-1
libefivar1:amd64,,34-1
libegl-mesa0:amd64,,18.0.0~rc5-1ubuntu1
libegl1:amd64,,1.0.0-2ubuntu2
libegl1-mesa:amd64,,18.0.0~rc5-1ubuntu1
libelf1:amd64,,0.170-0.4ubuntu0.1
libemail-valid-perl,,1.202-1
libenchant1c2a:amd64,,1.6.0-11.1
libencode-locale-perl,,1.05-1
libeot0:amd64,,0.01-5
libepoxy0:amd64,,1.4.3-1
libepubgen-0.1-1:amd64,,0.1.0-2ubuntu1
liberror-perl,,0.17025-1
libespeak-ng1:amd64,,1.49.2+dfsg-1
libestr0:amd64,,0.1.10-2.1
libetonyek-0.1-1:amd64,,0.1.7-3
libevdev2:amd64,,1.5.8+dfsg-1
libevdocument3-4:amd64,,3.28.4-0ubuntu1.2
libevent-2.1-6:amd64,,2.1.8-stable-4build1
libevent-core-2.1-6:amd64,,2.1.8-stable-4build1
libevview3-3:amd64,,3.28.4-0ubuntu1.2
libexempi3:amd64,,2.4.5-2
libexif12:amd64,,0.6.21-4ubuntu0.6
libexiv2-14:amd64,,0.25-3.1ubuntu0.18.04.11
libexpat1:amd64,,2.2.5-3ubuntu0.2
libexpat1-dev:amd64,,2.2.5-3ubuntu0.2
libexporter-tiny-perl,,1.000000-2
libext2fs2:amd64,,1.44.1-1ubuntu1.3
libexttextcat-2.0-0:amd64,,3.4.5-1
libexttextcat-data,,3.4.5-1
libfakeroot:amd64,,1.22-2ubuntu1
libfastjson4:amd64,,0.99.8-2
libfcgi-perl,,0.78-2build1
libfdisk1:amd64,,2.31.1-0.4ubuntu3.7
libffi6:amd64,,3.2.1-8
libfftw3-double3:amd64,,3.3.7-1
libfftw3-single3:amd64,,3.3.7-1
libfile-basedir-perl,,0.07-1
libfile-copy-recursive-perl,,0.40-1
libfile-desktopentry-perl,,0.22-1
libfile-fcntllock-perl,,0.22-3build2
libfile-listing-perl,,6.04-1
libfile-mimeinfo-perl,,0.28-1
libflac8:amd64,,1.3.2-1
libfont-afm-perl,,1.20-2
libfontconfig1:amd64,,2.12.6-0ubuntu2
libfontembed1:amd64,,1.20.2-0ubuntu3.1
libfontenc1:amd64,,1:1.1.3-1
libfreehand-0.1-1,,0.1.2-2
libfreerdp-client2-2:amd64,,2.2.0+dfsg1-0ubuntu0.18.04.1
libfreerdp-common1.1.0:amd64,,1.1.0~git20140921.1.440916e+dfsg1-15ubuntu1.18.04.2
libfreerdp-plugins-standard:amd64,,1.1.0~git20140921.1.440916e+dfsg1-15ubuntu1.18.04.2
libfreerdp-utils1.1:amd64,,1.1.0~git20140921.1.440916e+dfsg1-15ubuntu1.18.04.2
libfreerdp2-2:amd64,,2.2.0+dfsg1-0ubuntu0.18.04.1
libfreetype6:amd64,,2.8.1-2ubuntu2.1
libfribidi0:amd64,,0.19.7-2
libfuse2:amd64,,2.9.7-1ubuntu1
libfwup1:amd64,,10-3
libfwupd2:amd64,,1.2.10-1ubuntu2~ubuntu18.04.5
libgail-3-0:amd64,,3.22.30-1ubuntu1
libgail-common:amd64,,2.24.32-1ubuntu1
libgail18:amd64,,2.24.32-1ubuntu1
libgbm1:amd64,,18.0.0~rc5-1ubuntu1
libgc1c2:amd64,,1:7.4.2-8ubuntu1
libgcab-1.0-0:amd64,,1.1-2
libgcc-7-dev:amd64,,7.5.0-3ubuntu1~18.04
libgcc1:amd64,,1:8.4.0-1ubuntu1~18.04
libgck-1-0:amd64,,3.28.0-1
libgcr-base-3-1:amd64,,3.28.0-1
libgcr-ui-3-1:amd64,,3.28.0-1
libgcrypt20:amd64,,1.8.1-4ubuntu1.3
libgd3:amd64,,2.2.5-4ubuntu0.5
libgdata-common,,0.17.9-2
libgdata22:amd64,,0.17.9-2
libgdbm-compat4:amd64,,1.14.1-6
libgdbm5:amd64,,1.14.1-6
libgdk-pixbuf2.0-0:amd64,,2.36.11-2
libgdk-pixbuf2.0-bin,,2.36.11-2
libgdk-pixbuf2.0-common,,2.36.11-2
libgdm1,,3.28.3-0ubuntu18.04.6
libgee-0.8-2:amd64,,0.20.1-1
libgeoclue-2-0:amd64,,2.4.7-1ubuntu1
libgeocode-glib0:amd64,,3.25.4.1-4
libgeoip1:amd64,,1.6.12-1
libgexiv2-2:amd64,,0.10.8-1
libgif7:amd64,,5.1.4-2ubuntu0.1
libgirepository-1.0-1:amd64,,1.56.1-1
libgjs0g,,1.52.1-1ubuntu1
libgl1:amd64,,1.0.0-2ubuntu2
libgl1-mesa-dri:amd64,,18.0.0~rc5-1ubuntu1
libgl1-mesa-glx:amd64,,18.0.0~rc5-1ubuntu1
libglapi-mesa:amd64,,18.0.0~rc5-1ubuntu1
libgles2:amd64,,1.0.0-2ubuntu2
libglib-object-introspection-perl,,0.044-2
libglib-perl,,3:1.326-1build1
libglib2.0-0:amd64,,2.56.4-0ubuntu0.18.04.8
libglib2.0-bin,,2.56.4-0ubuntu0.18.04.8
libglib2.0-data,,2.56.4-0ubuntu0.18.04.8
libglibmm-2.4-1v5:amd64,,2.56.0-1
libglu1-mesa:amd64,,9.0.0-2.1build1
libglvnd0:amd64,,1.0.0-2ubuntu2
libglx-mesa0:amd64,,18.0.0~rc5-1ubuntu1
libglx0:amd64,,1.0.0-2ubuntu2
libgmime-3.0-0:amd64,,3.2.0-1
libgmp10:amd64,,2:6.1.2+dfsg-2
libgnome-autoar-0-0:amd64,,0.2.3-1ubuntu0.4
libgnome-bluetooth13:amd64,,3.28.0-2
libgnome-desktop-3-17:amd64,,3.28.1-1ubuntu1
libgnome-games-support-1-3:amd64,,1.4.1-1
libgnome-games-support-common,,1.4.1-1
libgnome-menu-3-0:amd64,,3.13.3-11ubuntu1
libgnome-todo,,3.28.1-1
libgnomekbd-common,,3.26.0-3
libgnomekbd8:amd64,,3.26.0-3
libgnutls30:amd64,,3.5.18-1ubuntu1
libgoa-1.0-0b:amd64,,3.28.0-0ubuntu2
libgoa-1.0-common,,3.28.0-0ubuntu2
libgoa-backend-1.0-1:amd64,,3.28.0-0ubuntu2
libgom-1.0-0:amd64,,0.3.3-4
libgomp1:amd64,,8.4.0-1ubuntu1~18.04
libgpars-groovy-java,,1.2.1-7
libgpg-error0:amd64,,1.27-6
libgpgme11:amd64,,1.10.0-1ubuntu1
libgpgmepp6:amd64,,1.10.0-1ubuntu1
libgphoto2-6:amd64,,2.5.16-2
libgphoto2-l10n,,2.5.16-2
libgphoto2-port12:amd64,,2.5.16-2
libgpm2:amd64,,1.20.7-5
libgpod-common,,0.8.3-11
libgpod4:amd64,,0.8.3-11
libgraphene-1.0-0:amd64,,1.8.0-1
libgraphite2-3:amd64,,1.3.11-2
libgrilo-0.3-0:amd64,,0.3.4-1ubuntu0.1
libgs9:amd64,,9.26~dfsg+0-0ubuntu0.18.04.14
libgs9-common,,9.26~dfsg+0-0ubuntu0.18.04.14
libgspell-1-1:amd64,,1.6.1-1
libgspell-1-common,,1.6.1-1
libgssapi-krb5-2:amd64,,1.16-2ubuntu0.2
libgssapi3-heimdal:amd64,,7.5.0+dfsg-1
libgssglue1:amd64,,0.4-2ubuntu1
libgstreamer-gl1.0-0:amd64,,1.14.5-0ubuntu1~18.04.3
libgstreamer-plugins-base1.0-0:amd64,,1.14.5-0ubuntu1~18.04.3
libgstreamer-plugins-good1.0-0:amd64,,1.14.5-0ubuntu1~18.04.2
libgstreamer1.0-0:amd64,,1.14.5-0ubuntu1~18.04.2
libgtk-3-0:amd64,,3.22.30-1ubuntu1
libgtk-3-bin,,3.22.30-1ubuntu1
libgtk-3-common,,3.22.30-1ubuntu1
libgtk2.0-0:amd64,,2.24.32-1ubuntu1
libgtk2.0-bin,,2.24.32-1ubuntu1
libgtk2.0-common,,2.24.32-1ubuntu1
libgtk3-perl,,0.032-1
libgtkglext1:amd64,,1.2.0-8
libgtkmm-3.0-1v5:amd64,,3.22.2-2
libgtksourceview-3.0-1:amd64,,3.24.7-1
libgtksourceview-3.0-common,,3.24.7-1
libgtop-2.0-11:amd64,,2.38.0-2
libgtop2-common,,2.38.0-2
libgts-0.7-5:amd64,,0.7.6+darcs121130-4
libgts-bin,,0.7.6+darcs121130-4
libgudev-1.0-0:amd64,,1:232-2
libgusb2:amd64,,0.2.11-1
libgutenprint2,,5.2.13-2
libgvc6,,2.40.1-2
libgvpr2,,2.40.1-2
libgweather-3-15:amd64,,3.28.1-1
libgweather-common,,3.28.1-1
libgxps2:amd64,,0.3.0-2
libhamcrest-java,,1.3-7
libharfbuzz-icu0:amd64,,1.7.2-1ubuntu1
libharfbuzz0b:amd64,,1.7.2-1ubuntu1
libhawtjni-runtime-java,,1.15-2
libhcrypto4-heimdal:amd64,,7.5.0+dfsg-1
libheimbase1-heimdal:amd64,,7.5.0+dfsg-1
libheimntlm0-heimdal:amd64,,7.5.0+dfsg-1
libhogweed4:amd64,,3.4.1-0ubuntu0.18.04.1
libhpmud0:amd64,,3.17.10+repack0-5
libhtml-form-perl,,6.03-1
libhtml-format-perl,,2.12-1
libhtml-parser-perl,,3.72-3build1
libhtml-tagset-perl,,3.20-3
libhtml-template-perl,,2.97-1
libhtml-tree-perl,,5.07-1
libhttp-cookies-perl,,6.04-1
libhttp-daemon-perl,,6.01-1
libhttp-date-perl,,6.02-1
libhttp-message-perl,,6.14-1
libhttp-negotiate-perl,,6.00-2
libhttp-parser2.7.1:amd64,,2.7.1-2
libhunspell-1.6-0:amd64,,1.6.2-1
libhx509-5-heimdal:amd64,,7.5.0+dfsg-1
libhyphen0:amd64,,2.8.8-5
libibus-1.0-5:amd64,,1.5.17-3ubuntu5.3
libical3:amd64,,3.0.1-5
libice6:amd64,,2:1.0.9-2
libicu60:amd64,,60.2-3ubuntu3.2
libidn11:amd64,,1.33-2.1ubuntu1
libidn2-0:amd64,,2.0.4-1.1ubuntu0.2
libiec61883-0:amd64,,1.2.0-2
libieee1284-3:amd64,,0.2.11-13
libijs-0.35:amd64,,0.35-13
libilmbase12:amd64,,2.2.0-11ubuntu2
libimobiledevice6:amd64,,1.2.1~git20171128.5a854327+dfsg-0.1
libindicator3-7,,16.10.0+18.04.20180321.1-0ubuntu1
libinput-bin,,1.10.4-1
libinput10:amd64,,1.10.4-1
libio-html-perl,,1.001-1
libio-pty-perl,,1:1.08-1.1build4
libio-socket-inet6-perl,,2.72-2
libio-socket-ssl-perl,,2.060-3~ubuntu18.04.1
libio-string-perl,,1.08-3
libip4tc0:amd64,,1.6.1-2ubuntu2
libip6tc0:amd64,,1.6.1-2ubuntu2
libipc-run-perl,,0.96-1
libipc-system-simple-perl,,1.25-4
libiptc0:amd64,,1.6.1-2ubuntu2
libirs160:amd64,,1:9.11.3+dfsg-1ubuntu1.16
libisc-export169:amd64,,1:9.11.3+dfsg-1ubuntu1.16
libisc169:amd64,,1:9.11.3+dfsg-1ubuntu1.16
libisccc160:amd64,,1:9.11.3+dfsg-1ubuntu1.16
libisccfg160:amd64,,1:9.11.3+dfsg-1ubuntu1.16
libisl19:amd64,,0.19-1
libitm1:amd64,,8.4.0-1ubuntu1~18.04
libiw30:amd64,,30~pre9-12ubuntu1
libjack-jackd2-0:amd64,,1.9.12~dfsg-2
libjansi-java,,1.16-1
libjansi-native-java,,1.7-1
libjansson4:amd64,,2.11-1
libjavascriptcoregtk-4.0-18:amd64,,2.32.4-0ubuntu0.18.04.1
libjbig0:amd64,,2.1-3.1build1
libjbig2dec0:amd64,,0.13-6
libjcommander-java,,1.71-1
libjcsp-java,,1.1-rc4-2
libjline2-java,,2.14.6-1
libjpeg-turbo8:amd64,,1.5.2-0ubuntu5.18.04.4
libjpeg8:amd64,,8c-2ubuntu8
libjq1:amd64,,1.5+dfsg-2
libjs-async,,0.8.0-3
libjs-inherits,,2.0.3-1
libjs-jquery,,3.2.1-1
libjs-node-uuid,,1.4.7-5
libjs-sphinxdoc,,1.6.7-1ubuntu1
libjs-underscore,,1.8.3~dfsg-1ubuntu0.1
libjson-c3:amd64,,0.12.1-1.3ubuntu0.3
libjson-glib-1.0-0:amd64,,1.4.2-3
libjson-glib-1.0-common,,1.4.2-3
libjson-perl,,2.97001-1
libjson-xs-perl,,3.040-1
libjsr166y-java,,1.7.0-2
libk5crypto3:amd64,,1.16-2ubuntu0.2
libkeyutils1:amd64,,1.5.9-9.2ubuntu2
libklibc,,2.0.4-9ubuntu2
libkmod2:amd64,,24-1ubuntu3
libkpathsea6:amd64,,2017.20170613.44572-8ubuntu0.1
libkrb5-26-heimdal:amd64,,7.5.0+dfsg-1
libkrb5-3:amd64,,1.16-2ubuntu0.2
libkrb5support0:amd64,,1.16-2ubuntu0.2
libksba8:amd64,,1.3.5-2
liblab-gamut1,,2.40.1-2
liblangtag-common,,0.6.2-1
liblangtag1:amd64,,0.6.2-1
liblcms2-2:amd64,,2.9-1ubuntu0.1
liblcms2-utils,,2.9-1ubuntu0.1
libldap-2.4-2:amd64,,2.4.45+dfsg-1ubuntu1.10
libldap-common,,2.4.45+dfsg-1ubuntu1.10
libldb1:amd64,,2:1.2.3-1ubuntu0.2
liblirc-client0:amd64,,0.10.0-2
liblist-moreutils-perl,,0.416-1build3
libllvm6.0:amd64,,1:6.0-1ubuntu2
liblocale-gettext-perl,,1.07-3build2
liblouis-data,,3.5.0-1ubuntu0.3
liblouis14:amd64,,3.5.0-1ubuntu0.3
liblouisutdml-bin,,2.7.0-1
liblouisutdml-data,,2.7.0-1
liblouisutdml8:amd64,,2.7.0-1
liblqr-1-0:amd64,,0.4.2-2.1
liblsan0:amd64,,8.4.0-1ubuntu1~18.04
libltdl7:amd64,,2.4.6-2
liblua5.2-0:amd64,,5.2.4-1.1build1
liblua5.3-0:amd64,,5.3.3-1ubuntu0.18.04.1
liblwp-mediatypes-perl,,6.02-1
liblwp-protocol-https-perl,,6.07-2
liblwres160:amd64,,1:9.11.3+dfsg-1ubuntu1.16
liblz4-1:amd64,,0.0~r131-2ubuntu3.1
liblzma5:amd64,,5.2.2-1.3
liblzo2-2:amd64,,2.08-1.2
libmagic-mgc,,1:5.32-2ubuntu0.4
libmagic1:amd64,,1:5.32-2ubuntu0.4
libmagickcore-6.q16-3:amd64,,8:6.9.7.4+dfsg-16ubuntu6.11
libmagickcore-6.q16-3-extra:amd64,,8:6.9.7.4+dfsg-16ubuntu6.11
libmagickwand-6.q16-3:amd64,,8:6.9.7.4+dfsg-16ubuntu6.11
libmailtools-perl,,2.18-1
libmbim-glib4:amd64,,1.14.2-2.1ubuntu1
libmbim-proxy,,1.14.2-2.1ubuntu1
libmediaart-2.0-0:amd64,,1.9.4-1
libmessaging-menu0:amd64,,13.10.1+17.04.20170120-0ubuntu2
libmhash2:amd64,,0.9.9.9-7
libminiupnpc10:amd64,,1.9.20140610-4ubuntu2
libminizip1:amd64,,1.1-8build1
libmm-glib0:amd64,,1.6.8-2ubuntu1
libmnl0:amd64,,1.0.4-2
libmount1:amd64,,2.31.1-0.4ubuntu3.7
libmozjs-52-0:amd64,,52.9.1-0ubuntu0.18.04.1
libmp3lame0:amd64,,3.100-2
libmpc3:amd64,,1.1.0-1
libmpdec2:amd64,,2.4.2-1ubuntu1
libmpfr6:amd64,,4.0.1-1
libmpg123-0:amd64,,1.25.10-1
libmpx2:amd64,,8.4.0-1ubuntu1~18.04
libmspack0:amd64,,0.6-3
libmspub-0.1-1:amd64,,0.1.4-1
libmtdev1:amd64,,1.1.5-1ubuntu3
libmtp-common,,1.1.13-1
libmtp-runtime,,1.1.13-1
libmtp9:amd64,,1.1.13-1
libmultiverse-core-java,,0.7.0-4
libmutter-2-0:amd64,,3.28.1-1ubuntu1
libmwaw-0.3-3:amd64,,0.3.13-1
libmysqlclient-dev,,5.7.36-0ubuntu0.18.04.1
libmysqlclient20:amd64,,5.7.36-0ubuntu0.18.04.1
libmythes-1.2-0:amd64,,2:1.2.4-3
libnatpmp1,,20150609-2
libnautilus-extension1a:amd64,,1:3.26.3-0ubuntu4
libncurses5:amd64,,6.1-1ubuntu1
libncursesw5:amd64,,6.1-1ubuntu1
libndp0:amd64,,1.6-1
libneon27-gnutls:amd64,,0.30.2-2build1
libnet-dbus-perl,,1.1.0-4build2
libnet-dns-perl,,1.10-2
libnet-domain-tld-perl,,1.75-1
libnet-http-perl,,6.17-1
libnet-ip-perl,,1.26-1
libnet-libidn-perl,,0.12.ds-2build4
libnet-smtp-ssl-perl,,1.04-1
libnet-ssleay-perl,,1.84-1ubuntu0.2
libnetfilter-conntrack3:amd64,,1.0.6-2
libnetpbm10,,2:10.0-15.3build1
libnettle6:amd64,,3.4.1-0ubuntu0.18.04.1
libnetty-3.9-java,,3.9.9.Final-1
libnewt0.52:amd64,,0.52.20-1ubuntu1
libnfnetlink0:amd64,,1.0.1-3
libnghttp2-14:amd64,,1.30.0-1ubuntu1
libnginx-mod-http-geoip,,1.14.0-0ubuntu1
libnginx-mod-http-image-filter,,1.14.0-0ubuntu1
libnginx-mod-http-xslt-filter,,1.14.0-0ubuntu1
libnginx-mod-mail,,1.14.0-0ubuntu1
libnginx-mod-stream,,1.14.0-0ubuntu1
libnih1:amd64,,1.0.3-6ubuntu2
libnl-3-200:amd64,,3.2.29-0ubuntu3
libnl-genl-3-200:amd64,,3.2.29-0ubuntu3
libnm0:amd64,,1.10.6-2ubuntu1
libnma0:amd64,,1.8.10-2ubuntu1
libnotify-bin,,0.7.7-3
libnotify4:amd64,,0.7.7-3
libnpth0:amd64,,1.5-3
libnspr4:amd64,,2:4.18-1ubuntu1
libnss-mdns:amd64,,0.10-8ubuntu1
libnss-myhostname:amd64,,237-3ubuntu10.50
libnss-systemd:amd64,,237-3ubuntu10.50
libnss3:amd64,,2:3.35-2ubuntu2.12
libntfs-3g88,,1:2017.3.23-2ubuntu0.18.04.3
libnuma1:amd64,,2.0.11-2.1
liboauth0:amd64,,1.0.3-1
libodfgen-0.1-1:amd64,,0.1.6-2
libogg0:amd64,,1.3.2-1
libonig4:amd64,,6.7.0-1
libopenexr22:amd64,,2.2.0-11.1ubuntu1.9
libopus0:amd64,,1.1.2-1ubuntu1
liborc-0.4-0:amd64,,1:0.4.28-1
liborcus-0.13-0:amd64,,0.13.4-2
libp11-kit0:amd64,,0.23.9-2ubuntu0.1
libpackagekit-glib2-18:amd64,,1.1.9-1ubuntu2.18.04.6
libpagemaker-0.0-0:amd64,,0.0.4-1
libpam-cap:amd64,,1:2.25-1.2
libpam-gnome-keyring:amd64,,3.28.0.2-1ubuntu1
libpam-modules:amd64,,1.1.8-3.6ubuntu2
libpam-modules-bin,,1.1.8-3.6ubuntu2
libpam-runtime,,1.1.8-3.6ubuntu2
libpam-systemd:amd64,,237-3ubuntu10.50
libpam0g:amd64,,1.1.8-3.6ubuntu2
libpango-1.0-0:amd64,,1.40.14-1ubuntu0.1
libpangocairo-1.0-0:amd64,,1.40.14-1ubuntu0.1
libpangoft2-1.0-0:amd64,,1.40.14-1ubuntu0.1
libpangomm-1.4-1v5:amd64,,2.40.1-4
libpangox-1.0-0:amd64,,0.0.2-5
libpangoxft-1.0-0:amd64,,1.40.14-1ubuntu0.1
libpaper-utils,,1.1.24+nmu5ubuntu1
libpaper1:amd64,,1.1.24+nmu5ubuntu1
libparse-debianchangelog-perl,,1.2.0-12
libparted-fs-resize0:amd64,,3.2-20
libparted2:amd64,,3.2-20
libpathplan4,,2.40.1-2
libpcap0.8:amd64,,1.8.1-6ubuntu1.18.04.1
libpcaudio0,,1.0-1
libpci3:amd64,,1:3.5.2-1ubuntu1
libpciaccess0:amd64,,0.14-1
libpcre3:amd64,,2:8.39-9
libpcsclite1:amd64,,1.8.23-1
libpeas-1.0-0:amd64,,1.22.0-2
libpeas-common,,1.22.0-2
libperl5.26:amd64,,5.26.1-6ubuntu0.5
libperlio-gzip-perl,,0.19-1build3
libphonenumber7:amd64,,7.1.0-5ubuntu5
libpipeline1:amd64,,1.5.0-1
libpixman-1-0:amd64,,0.34.0-2
libpkcs11-helper1:amd64,,1.22-4
libplist3:amd64,,2.0.0-2ubuntu1
libplymouth4:amd64,,0.9.3-1ubuntu7
libpng16-16:amd64,,1.6.34-1ubuntu0.18.04.2
libpolkit-agent-1-0:amd64,,0.105-20ubuntu0.18.04.5
libpolkit-backend-1-0:amd64,,0.105-20ubuntu0.18.04.5
libpolkit-gobject-1-0:amd64,,0.105-20ubuntu0.18.04.5
libpoppler-glib8:amd64,,0.62.0-2ubuntu2.12
libpoppler73:amd64,,0.62.0-2ubuntu2.12
libpopt0:amd64,,1.16-11
libpq5:amd64,,13.4-1.pgdg18.04+1
libprocps6:amd64,,2:3.3.12-3ubuntu1
libprotobuf10:amd64,,3.0.0-9.1ubuntu1
libproxy1-plugin-gsettings:amd64,,0.4.15-1ubuntu0.2
libproxy1-plugin-networkmanager:amd64,,0.4.15-1ubuntu0.2
libproxy1v5:amd64,,0.4.15-1ubuntu0.2
libpsl5:amd64,,0.19.1-5build1
libpulse-mainloop-glib0:amd64,,1:11.1-1ubuntu7.11
libpulse0:amd64,,1:11.1-1ubuntu7.11
libpulsedsp:amd64,,1:11.1-1ubuntu7.11
libpwquality-common,,1.4.0-2
libpwquality1:amd64,,1.4.0-2
libpython-all-dev:amd64,,2.7.15~rc1-1
libpython-dev:amd64,,2.7.15~rc1-1
libpython-stdlib:amd64,,2.7.15~rc1-1
libpython2.7:amd64,,2.7.17-1~18.04ubuntu1.6
libpython2.7-dev:amd64,,2.7.17-1~18.04ubuntu1.6
libpython2.7-minimal:amd64,,2.7.17-1~18.04ubuntu1.6
libpython2.7-stdlib:amd64,,2.7.17-1~18.04ubuntu1.6
libpython3-dev:amd64,,3.6.7-1~18.04
libpython3-stdlib:amd64,,3.6.7-1~18.04
libpython3.6:amd64,,3.6.9-1~18.04ubuntu1.4
libpython3.6-dev:amd64,,3.6.9-1~18.04ubuntu1.4
libpython3.6-minimal:amd64,,3.6.9-1~18.04ubuntu1.4
libpython3.6-stdlib:amd64,,3.6.9-1~18.04ubuntu1.4
libqdox-java,,1.12.1-3
libqmi-glib5:amd64,,1.18.0-3ubuntu1
libqmi-proxy,,1.18.0-3ubuntu1
libqpdf21:amd64,,8.0.2-3ubuntu0.1
libqqwing2v5:amd64,,1.3.4-1.1
libquadmath0:amd64,,8.4.0-1ubuntu1~18.04
libraptor2-0:amd64,,2.0.14-1ubuntu0.18.04.1
librasqal3:amd64,,0.9.32-1build1
libraw1394-11:amd64,,2.1.2-1
libraw16:amd64,,0.18.8-1ubuntu0.3
librdf0:amd64,,1.0.17-1.1
libreadline7:amd64,,7.0-3
libreoffice-avmedia-backend-gstreamer,,1:6.0.7-0ubuntu0.18.04.10
libreoffice-base-core,,1:6.0.7-0ubuntu0.18.04.10
libreoffice-calc,,1:6.0.7-0ubuntu0.18.04.10
libreoffice-common,,1:6.0.7-0ubuntu0.18.04.10
libreoffice-core,,1:6.0.7-0ubuntu0.18.04.10
libreoffice-draw,,1:6.0.7-0ubuntu0.18.04.10
libreoffice-gnome,,1:6.0.7-0ubuntu0.18.04.10
libreoffice-gtk3,,1:6.0.7-0ubuntu0.18.04.10
libreoffice-help-en-us,,1:6.0.7-0ubuntu0.18.04.10
libreoffice-impress,,1:6.0.7-0ubuntu0.18.04.10
libreoffice-math,,1:6.0.7-0ubuntu0.18.04.10
libreoffice-ogltrans,,1:6.0.7-0ubuntu0.18.04.10
libreoffice-pdfimport,,1:6.0.7-0ubuntu0.18.04.10
libreoffice-style-breeze,,1:6.0.7-0ubuntu0.18.04.10
libreoffice-style-galaxy,,1:6.0.7-0ubuntu0.18.04.10
libreoffice-style-tango,,1:6.0.7-0ubuntu0.18.04.10
libreoffice-writer,,1:6.0.7-0ubuntu0.18.04.10
librest-0.7-0:amd64,,0.8.0-2
librevenge-0.0-0:amd64,,0.0.4-6ubuntu2
librhythmbox-core10:amd64,,3.4.2-4ubuntu1
libroken18-heimdal:amd64,,7.5.0+dfsg-1
librsvg2-2:amd64,,2.40.20-2ubuntu0.2
librsvg2-common:amd64,,2.40.20-2ubuntu0.2
librtmp1:amd64,,2.4+20151223.gitfa8646d.1-1
libruby2.5:amd64,,2.5.1-1ubuntu1
libsamplerate0:amd64,,0.1.9-1
libsane-common,,1.0.27-1~experimental3ubuntu2.3
libsane-hpaio:amd64,,3.17.10+repack0-5
libsane1:amd64,,1.0.27-1~experimental3ubuntu2.3
libsasl2-2:amd64,,2.1.27~101-g0780600+dfsg-3ubuntu2.3
libsasl2-modules:amd64,,2.1.27~101-g0780600+dfsg-3ubuntu2.3
libsasl2-modules-db:amd64,,2.1.27~101-g0780600+dfsg-3ubuntu2.3
libsbc1:amd64,,1.3-2
libsctp1:amd64,,1.0.17+dfsg-2
libseccomp2:amd64,,2.4.3-1ubuntu3.18.04.3
libsecret-1-0:amd64,,0.18.6-1
libsecret-common,,0.18.6-1
libselinux1:amd64,,2.7-2build2
libsemanage-common,,2.7-2build2
libsemanage1:amd64,,2.7-2build2
libsensors4:amd64,,1:3.4.0-4
libsepol1:amd64,,2.7-1
libservlet3.1-java,,8.5.30-1ubuntu1
libsgutils2-2,,1.42-2ubuntu1
libshout3:amd64,,2.4.1-2build1
libsigc++-2.0-0v5:amd64,,2.10.0-2
libslang2:amd64,,2.3.1a-3ubuntu1
libsm6:amd64,,2:1.2.2-1
libsmartcols1:amd64,,2.31.1-0.4ubuntu3.7
libsmbclient:amd64,,2:4.7.6+dfsg~ubuntu-0ubuntu2.23
libsmbios-c2,,2.4.1-1
libsnapd-glib1:amd64,,1.49-0ubuntu0.18.04.2
libsndfile1:amd64,,1.0.28-4ubuntu0.18.04.2
libsnmp-base,,5.7.3+dfsg-1.8ubuntu3.6
libsnmp30:amd64,,5.7.3+dfsg-1.8ubuntu3.6
libsocket6-perl,,0.27-1build2
libsodium23:amd64,,1.0.16-2
libsonic0:amd64,,0.2.0-6
libsoup-gnome2.4-1:amd64,,2.62.1-1ubuntu0.4
libsoup2.4-1:amd64,,2.62.1-1ubuntu0.4
libspectre1:amd64,,0.2.8-1
libspeechd2:amd64,,0.8.8-1ubuntu1
libspeex1:amd64,,1.2~rc1.2-1ubuntu2
libspeexdsp1:amd64,,1.2~rc1.2-1ubuntu2
libsqlite3-0:amd64,,3.22.0-1ubuntu0.4
libss2:amd64,,1.44.1-1ubuntu1.3
libssh-4:amd64,,0.8.0~20170825.94fa1e38-1ubuntu0.7
libssl-dev:amd64,,1.1.1-1ubuntu2.1~18.04.13
libssl1.0.0:amd64,,1.0.2n-1ubuntu5.7
libssl1.1:amd64,,1.1.1-1ubuntu2.1~18.04.13
libstartup-notification0:amd64,,0.12-5
libstdc++-7-dev:amd64,,7.5.0-3ubuntu1~18.04
libstdc++6:amd64,,8.4.0-1ubuntu1~18.04
libstemmer0d:amd64,,0+svn585-1build1
libstrongswan,,5.6.2-1ubuntu2
libstrongswan-standard-plugins,,5.6.2-1ubuntu2
libsub-name-perl,,0.21-1build1
libsuitesparseconfig5:amd64,,1:5.1.2-2
libsysmetrics1:amd64,,1.0.11
libsystemd0:amd64,,237-3ubuntu10.50
libtag1v5:amd64,,1.11.1+dfsg.1-0.2build2
libtag1v5-vanilla:amd64,,1.11.1+dfsg.1-0.2build2
libtalloc2:amd64,,2.1.10-2ubuntu1
libtasn1-6:amd64,,4.13-2
libtcl8.6:amd64,,8.6.8+dfsg-3
libtdb1:amd64,,1.3.15-2
libteamdctl0:amd64,,1.26-1
libtevent0:amd64,,0.9.34-1
libtext-charwidth-perl,,0.04-7.1
libtext-iconv-perl,,1.7-5build6
libtext-levenshtein-perl,,0.13-1
libtext-wrapi18n-perl,,0.06-7.1
libthai-data,,0.1.27-2
libthai0:amd64,,0.1.27-2
libtheora0:amd64,,1.1.1+dfsg.1-14
libtie-ixhash-perl,,1.23-2
libtiff5:amd64,,4.0.9-5ubuntu0.4
libtimedate-perl,,2.3000-2
libtinfo5:amd64,,6.1-1ubuntu1
libtk8.6:amd64,,8.6.8-4
libtotem-plparser-common,,3.26.0-1ubuntu2
libtotem-plparser18:amd64,,3.26.0-1ubuntu2
libtotem0:amd64,,3.26.0-0ubuntu6
libtracker-sparql-2.0-0:amd64,,2.0.3-1ubuntu4
libtry-tiny-perl,,0.30-1
libtsan0:amd64,,8.4.0-1ubuntu1~18.04
libtwolame0:amd64,,0.3.13-3
libtypes-serialiser-perl,,1.0-1
libu2f-udev,,1.1.4-1ubuntu0.1
libubsan0:amd64,,7.5.0-3ubuntu1~18.04
libudev1:amd64,,237-3ubuntu10.50
libudisks2-0:amd64,,2.7.6-3ubuntu0.2
libunistring2:amd64,,0.9.9-0ubuntu1
libunity-protocol-private0:amd64,,7.1.4+18.04.20180209.1-0ubuntu2
libunity-scopes-json-def-desktop,,7.1.4+18.04.20180209.1-0ubuntu2
libunity9:amd64,,7.1.4+18.04.20180209.1-0ubuntu2
libunwind8:amd64,,1.2.1-8
libupower-glib3:amd64,,0.99.7-2
liburi-perl,,1.73-1
libusb-1.0-0:amd64,,2:1.0.21-2
libusbmuxd4:amd64,,1.1.0~git20171206.c724e70f-0.1
libutempter0:amd64,,1.1.6-3
libuuid1:amd64,,2.31.1-0.4ubuntu3.7
libuv1:amd64,,1.18.0-3
libuv1-dev:amd64,,1.18.0-3
libv4l-0:amd64,,1.14.2-1
libv4lconvert0:amd64,,1.14.2-1
libvisio-0.1-1:amd64,,0.1.6-1build1
libvisual-0.4-0:amd64,,0.4.0-11
libvncclient1:amd64,,0.9.11+dfsg-1ubuntu1.4
libvolume-key1,,0.3.9-4
libvorbis0a:amd64,,1.3.5-4.2
libvorbisenc2:amd64,,1.3.5-4.2
libvorbisfile3:amd64,,1.3.5-4.2
libvpx5:amd64,,1.7.0-3ubuntu0.18.04.1
libvte-2.91-0:amd64,,0.52.1-1ubuntu1
libvte-2.91-common,,0.52.1-1ubuntu1
libvulkan1:amd64,,1.1.70+dfsg1-1ubuntu0.18.04.1
libwacom-bin,,0.29-1
libwacom-common,,0.29-1
libwacom2:amd64,,0.29-1
libwavpack1:amd64,,5.1.0-2ubuntu1.5
libwayland-client0:amd64,,1.16.0-1ubuntu1.1~18.04.3
libwayland-cursor0:amd64,,1.16.0-1ubuntu1.1~18.04.3
libwayland-egl1:amd64,,1.16.0-1ubuntu1.1~18.04.3
libwayland-egl1-mesa:amd64,,19.2.8-0ubuntu0~18.04.3
libwayland-server0:amd64,,1.16.0-1ubuntu1.1~18.04.3
libwbclient0:amd64,,2:4.7.6+dfsg~ubuntu-0ubuntu2.23
libwebkit2gtk-4.0-37:amd64,,2.32.4-0ubuntu0.18.04.1
libwebp6:amd64,,0.6.1-2ubuntu0.18.04.1
libwebpdemux2:amd64,,0.6.1-2ubuntu0.18.04.1
libwebpmux3:amd64,,0.6.1-2ubuntu0.18.04.1
libwebrtc-audio-processing1:amd64,,0.3-1
libwhoopsie-preferences0,,0.19
libwhoopsie0:amd64,,0.2.62ubuntu0.5
libwind0-heimdal:amd64,,7.5.0+dfsg-1
libwinpr-crt0.1:amd64,,1.1.0~git20140921.1.440916e+dfsg1-15ubuntu1.18.04.2
libwinpr-environment0.1:amd64,,1.1.0~git20140921.1.440916e+dfsg1-15ubuntu1.18.04.2
libwinpr-file0.1:amd64,,1.1.0~git20140921.1.440916e+dfsg1-15ubuntu1.18.04.2
libwinpr-handle0.1:amd64,,1.1.0~git20140921.1.440916e+dfsg1-15ubuntu1.18.04.2
libwinpr-heap0.1:amd64,,1.1.0~git20140921.1.440916e+dfsg1-15ubuntu1.18.04.2
libwinpr-interlocked0.1:amd64,,1.1.0~git20140921.1.440916e+dfsg1-15ubuntu1.18.04.2
libwinpr-library0.1:amd64,,1.1.0~git20140921.1.440916e+dfsg1-15ubuntu1.18.04.2
libwinpr-path0.1:amd64,,1.1.0~git20140921.1.440916e+dfsg1-15ubuntu1.18.04.2
libwinpr-synch0.1:amd64,,1.1.0~git20140921.1.440916e+dfsg1-15ubuntu1.18.04.2
libwinpr-sysinfo0.1:amd64,,1.1.0~git20140921.1.440916e+dfsg1-15ubuntu1.18.04.2
libwinpr-thread0.1:amd64,,1.1.0~git20140921.1.440916e+dfsg1-15ubuntu1.18.04.2
libwinpr-utils0.1:amd64,,1.1.0~git20140921.1.440916e+dfsg1-15ubuntu1.18.04.2
libwinpr2-2:amd64,,2.2.0+dfsg1-0ubuntu0.18.04.1
libwmf0.2-7:amd64,,0.2.8.4-12
libwmf0.2-7-gtk,,0.2.8.4-12
libwnck-3-0:amd64,,3.24.1-2
libwnck-3-common,,3.24.1-2
libwoff1:amd64,,1.0.2-1build0.1
libwpd-0.10-10:amd64,,0.10.2-2
libwpg-0.3-3:amd64,,0.3.1-3
libwps-0.4-4:amd64,,0.4.8-1
libwrap0:amd64,,7.6.q-27
libwww-perl,,6.31-1ubuntu0.1
libwww-robotrules-perl,,6.01-1
libx11-6:amd64,,2:1.6.4-3ubuntu0.4
libx11-data,,2:1.6.4-3ubuntu0.4
libx11-protocol-perl,,0.56-7
libx11-xcb1:amd64,,2:1.6.4-3ubuntu0.4
libxapian30:amd64,,1.4.5-1ubuntu0.1
libxatracker2:amd64,,18.0.0~rc5-1ubuntu1
libxau6:amd64,,1:1.0.8-1
libxaw7:amd64,,2:1.0.13-1
libxcb-dri2-0:amd64,,1.13-1
libxcb-dri3-0:amd64,,1.13-1
libxcb-glx0:amd64,,1.13-1
libxcb-icccm4:amd64,,0.4.1-1ubuntu1
libxcb-image0:amd64,,0.4.0-1build1
libxcb-keysyms1:amd64,,0.4.0-1
libxcb-present0:amd64,,1.13-1
libxcb-randr0:amd64,,1.13-1
libxcb-render-util0:amd64,,0.3.9-1
libxcb-render0:amd64,,1.13-1
libxcb-res0:amd64,,1.13-1
libxcb-shape0:amd64,,1.13-1
libxcb-shm0:amd64,,1.13-1
libxcb-sync1:amd64,,1.13-1
libxcb-util1:amd64,,0.4.0-0ubuntu3
libxcb-xfixes0:amd64,,1.13-1
libxcb-xkb1:amd64,,1.13-1
libxcb-xv0:amd64,,1.13-1
libxcb1:amd64,,1.13-1
libxcomposite1:amd64,,1:0.4.4-2
libxcursor1:amd64,,1:1.1.15-1
libxdamage1:amd64,,1:1.1.4-3
libxdmcp6:amd64,,1:1.1.2-3
libxext6:amd64,,2:1.3.3-1
libxfixes3:amd64,,1:5.0.3-1
libxfont2:amd64,,1:2.0.3-1
libxft2:amd64,,2.3.2-1
libxi6:amd64,,2:1.7.9-1
libxinerama1:amd64,,2:1.1.3-1
libxkbcommon-x11-0:amd64,,0.8.0-1
libxkbcommon0:amd64,,0.8.0-1
libxkbfile1:amd64,,1:1.0.9-2
libxklavier16:amd64,,5.4-3
libxml-libxml-perl,,2.0128+dfsg-5
libxml-namespacesupport-perl,,1.12-1
libxml-parser-perl,,2.44-2build3
libxml-sax-base-perl,,1.09-1
libxml-sax-expat-perl,,0.40-2
libxml-sax-perl,,0.99+dfsg-2ubuntu1
libxml-simple-perl,,2.24-1
libxml-twig-perl,,1:3.50-1
libxml-xpathengine-perl,,0.14-1
libxml2:amd64,,2.9.4+dfsg1-6.1ubuntu1.4
libxmlb1:amd64,,0.1.8-1~ubuntu18.04.2
libxmlsec1:amd64,,1.2.25-1build1
libxmlsec1-nss:amd64,,1.2.25-1build1
libxmlsec1-openssl:amd64,,1.2.25-1build1
libxmu6:amd64,,2:1.1.2-2
libxmuu1:amd64,,2:1.1.2-2
libxpm4:amd64,,1:3.5.12-1
libxpp3-java,,1.1.4c-3
libxrandr2:amd64,,2:1.5.1-1
libxrender1:amd64,,1:0.9.10-1
libxres1:amd64,,2:1.2.0-2
libxshmfence1:amd64,,1.3-1
libxslt1.1:amd64,,1.1.29-5ubuntu0.2
libxss1:amd64,,1:1.2.2-1
libxstream-java,,1.4.10-1
libxt6:amd64,,1:1.1.5-1
libxtables12:amd64,,1.6.1-2ubuntu2
libxtst6:amd64,,2:1.2.3-1
libxv1:amd64,,2:1.0.11-1
libxvmc1:amd64,,2:1.0.10-1
libxxf86dga1:amd64,,2:1.1.4-1
libxxf86vm1:amd64,,1:1.1.4-1
libyajl2:amd64,,2.1.0-2build1
libyaml-0-2:amd64,,0.1.7-2ubuntu3
libyaml-libyaml-perl,,0.69+repack-1
libyelp0:amd64,,3.26.0-1ubuntu2
libzeitgeist-2.0-0:amd64,,1.0-0.1ubuntu1
libzstd1:amd64,,1.3.3+dfsg-2ubuntu1.2
light-themes,,16.10+18.04.20180421.1-0ubuntu1
lintian,,2.5.81ubuntu1
linux-base,,4.5ubuntu1.2
linux-firmware,,1.173
linux-generic,,4.15.0.162.151
linux-headers-4.15.0-161,,4.15.0-161.169
linux-headers-4.15.0-161-generic,,4.15.0-161.169
linux-headers-4.15.0-162,,4.15.0-162.170
linux-headers-4.15.0-162-generic,,4.15.0-162.170
linux-headers-generic,,4.15.0.162.151
linux-image-4.15.0-111-generic,,4.15.0-111.112
linux-image-4.15.0-112-generic,,4.15.0-112.113
linux-image-4.15.0-115-generic,,4.15.0-115.116
linux-image-4.15.0-117-generic,,4.15.0-117.118
linux-image-4.15.0-147-generic,,4.15.0-147.151
linux-image-4.15.0-151-generic,,4.15.0-151.157
linux-image-4.15.0-153-generic,,4.15.0-153.160
linux-image-4.15.0-154-generic,,4.15.0-154.161
linux-image-4.15.0-156-generic,,4.15.0-156.163
linux-image-4.15.0-158-generic,,4.15.0-158.166
linux-image-4.15.0-159-generic,,4.15.0-159.167
linux-image-4.15.0-161-generic,,4.15.0-161.169
linux-image-4.15.0-162-generic,,4.15.0-162.170
linux-image-4.15.0-20-generic,,4.15.0-20.21
linux-image-generic,,4.15.0.162.151
linux-libc-dev:amd64,,4.15.0-162.170
linux-modules-4.15.0-111-generic,,4.15.0-111.112
linux-modules-4.15.0-112-generic,,4.15.0-112.113
linux-modules-4.15.0-115-generic,,4.15.0-115.116
linux-modules-4.15.0-117-generic,,4.15.0-117.118
linux-modules-4.15.0-147-generic,,4.15.0-147.151
linux-modules-4.15.0-151-generic,,4.15.0-151.157
linux-modules-4.15.0-153-generic,,4.15.0-153.160
linux-modules-4.15.0-154-generic,,4.15.0-154.161
linux-modules-4.15.0-156-generic,,4.15.0-156.163
linux-modules-4.15.0-158-generic,,4.15.0-158.166
linux-modules-4.15.0-159-generic,,4.15.0-159.167
linux-modules-4.15.0-161-generic,,4.15.0-161.169
linux-modules-4.15.0-162-generic,,4.15.0-162.170
linux-modules-4.15.0-20-generic,,4.15.0-20.21
linux-modules-extra-4.15.0-111-generic,,4.15.0-111.112
linux-modules-extra-4.15.0-112-generic,,4.15.0-112.113
linux-modules-extra-4.15.0-115-generic,,4.15.0-115.116
linux-modules-extra-4.15.0-117-generic,,4.15.0-117.118
linux-modules-extra-4.15.0-147-generic,,4.15.0-147.151
linux-modules-extra-4.15.0-151-generic,,4.15.0-151.157
linux-modules-extra-4.15.0-153-generic,,4.15.0-153.160
linux-modules-extra-4.15.0-154-generic,,4.15.0-154.161
linux-modules-extra-4.15.0-156-generic,,4.15.0-156.163
linux-modules-extra-4.15.0-158-generic,,4.15.0-158.166
linux-modules-extra-4.15.0-159-generic,,4.15.0-159.167
linux-modules-extra-4.15.0-161-generic,,4.15.0-161.169
linux-modules-extra-4.15.0-162-generic,,4.15.0-162.170
linux-modules-extra-4.15.0-20-generic,,4.15.0-20.21
linux-sound-base,,1.0.25+dfsg-0ubuntu5
linuxbrew-wrapper,,20170516-2
locales,,2.27-3ubuntu1.2
login,,1:4.5-1ubuntu1
logrotate,,3.11.0-0.1ubuntu1
lp-solve,,5.5.0.15-4build1
lsb-base,,9.20170808ubuntu1
lsb-release,,9.20170808ubuntu1
lshw,,02.18-0.1ubuntu6
lsof,,4.89+dfsg-0.1
ltrace,,0.7.3-6ubuntu1
make,,4.1-9.1ubuntu1
man-db,,2.8.3-2
manpages,,4.15-1
manpages-dev,,4.15-1
mawk,,1.3.3-17ubuntu3
media-player-info,,23-1
memtest86+,,5.01-3ubuntu2
mime-support,,3.60ubuntu1
mlocate,,0.26-2ubuntu3.1
mobile-broadband-provider-info,,20170903-1
modemmanager,,1.6.8-2ubuntu1
mount,,2.31.1-0.4ubuntu3.7
mousetweaks,,3.12.0-4
mscompress,,0.4-3build1
mtools,,4.0.18-2ubuntu1
mtr-tiny,,0.92-1
multiarch-support,,2.27-3ubuntu1.2
mutter,,3.28.1-1ubuntu1
mutter-common,,3.28.1-1ubuntu1
mysql-client,,5.7.36-0ubuntu0.18.04.1
mysql-client-5.7,,5.7.36-0ubuntu0.18.04.1
mysql-client-core-5.7,,5.7.36-0ubuntu0.18.04.1
mysql-common,,5.8+1.0.4
mysql-server,,5.7.36-0ubuntu0.18.04.1
mysql-server-5.7,,5.7.36-0ubuntu0.18.04.1
mysql-server-core-5.7,,5.7.36-0ubuntu0.18.04.1
mythes-en-us,,1:6.0.3-3
nano,,2.9.3-2
nautilus,,1:3.26.3-0ubuntu4
nautilus-data,,1:3.26.3-0ubuntu4
nautilus-extension-gnome-terminal,,3.28.1-1ubuntu1
nautilus-sendto,,3.8.6-2
nautilus-share,,0.7.3-2ubuntu3
ncurses-base,,6.1-1ubuntu1
ncurses-bin,,6.1-1ubuntu1
ncurses-term,,6.1-1ubuntu1.18.04
net-tools,,1.60+git20161116.90da8a0-1ubuntu1
netbase,,5.4
netcat-openbsd,,1.187-1
netpbm,,2:10.0-15.3build1
netplan.io,,0.36.1
network-manager,,1.10.6-2ubuntu1
network-manager-config-connectivity-ubuntu,,1.10.6-2ubuntu1
network-manager-gnome,,1.8.10-2ubuntu1
network-manager-l2tp,,1.2.8-2build1
network-manager-l2tp-gnome,,1.2.8-2build1
network-manager-pptp,,1.2.6-1
network-manager-pptp-gnome,,1.2.6-1
networkd-dispatcher,,1.7-0ubuntu3
nginx,,1.14.0-0ubuntu1
nginx-common,,1.14.0-0ubuntu1
nginx-core,,1.14.0-0ubuntu1
nodejs,,8.10.0~dfsg-2
nodejs-doc,,8.10.0~dfsg-2
notification-daemon,,3.20.0-3
nplan,,0.36.1
ntfs-3g,,1:2017.3.23-2ubuntu0.18.04.3
open-vm-tools,,2:10.2.0-3ubuntu3
open-vm-tools-desktop,,2:10.2.0-3ubuntu3
openjdk-11-jre:amd64,,11.0.11+9-0ubuntu2~18.04
openjdk-11-jre-headless:amd64,,11.0.11+9-0ubuntu2~18.04
openprinting-ppds,,20180306-1
openssh-client,,1:7.6p1-4ubuntu0.5
openssh-server,,1:7.6p1-4ubuntu0.5
openssh-sftp-server,,1:7.6p1-4ubuntu0.5
openssl,,1.1.1-1ubuntu2.1~18.04.13
openvpn,,2.4.4-2ubuntu1
orca,,3.28.0-3ubuntu1
os-prober,,1.74ubuntu1
p11-kit,,0.23.9-2ubuntu0.1
p11-kit-modules:amd64,,0.23.9-2ubuntu0.1
packagekit,,1.1.9-1ubuntu2.18.04.6
packagekit-tools,,1.1.9-1ubuntu2.18.04.6
parted,,3.2-20
passwd,,1:4.5-1ubuntu1
patch,,2.7.6-2ubuntu1.1
patchutils,,0.3.4-2
pciutils,,1:3.5.2-1ubuntu1
pcmciautils,,018-8build1
perl,,5.26.1-6ubuntu0.5
perl-base,,5.26.1-6ubuntu0.5
perl-modules-5.26,,5.26.1-6ubuntu0.5
perl-openssl-defaults:amd64,,3build1
pgadmin4,,6.2
pgadmin4-desktop,,6.2
pgadmin4-server,,6.2
pgadmin4-web,,6.2
pgdg-keyring,,2018.2
pigz,,2.4-1
pinentry-curses,,1.1.0-1
pinentry-gnome3,,1.1.0-1
plymouth,,0.9.3-1ubuntu7
plymouth-label,,0.9.3-1ubuntu7
plymouth-theme-ubuntu-logo,,0.9.3-1ubuntu7
plymouth-theme-ubuntu-text,,0.9.3-1ubuntu7
policykit-1,,0.105-20ubuntu0.18.04.5
policykit-desktop-privileges,,0.20ubuntu18.04.1
poppler-data,,0.4.8-2
poppler-utils,,0.62.0-2ubuntu2.12
popularity-contest,,1.66ubuntu1
postgresql,,13+226.pgdg18.04+1
postgresql-13,,13.4-1.pgdg18.04+1
postgresql-client-13,,13.4-1.pgdg18.04+1
postgresql-client-common,,226.pgdg18.04+1
postgresql-common,,226.pgdg18.04+1
powermgmt-base,,1.33
ppp,,2.4.7-2+2ubuntu1.3
pppconfig,,2.3.23
pppoeconf,,1.21ubuntu1
pptp-linux,,1.9.0+ds-2
printer-driver-brlaser,,4-1
printer-driver-c2esp,,27-4
printer-driver-foo2zjs,,20170320dfsg0-4
printer-driver-foo2zjs-common,,20170320dfsg0-4
printer-driver-gutenprint,,5.2.13-2
printer-driver-hpcups,,3.17.10+repack0-5
printer-driver-m2300w,,0.51-13
printer-driver-min12xxw,,0.0.9-10
printer-driver-pnm2ppa,,1.13+nondbs-0ubuntu6
printer-driver-postscript-hp,,3.17.10+repack0-5
printer-driver-ptouch,,1.4.2-3
printer-driver-pxljr,,1.4+repack0-5
printer-driver-sag-gdi,,0.1-5
printer-driver-splix,,2.0.0+svn315-6fakesync1
procps,,2:3.3.12-3ubuntu1
psmisc,,23.1-1
publicsuffix,,20180223.1310-1
pulseaudio,,1:11.1-1ubuntu7.11
pulseaudio-module-bluetooth,,1:11.1-1ubuntu7.11
pulseaudio-utils,,1:11.1-1ubuntu7.11
python,,2.7.15~rc1-1
python-all,,2.7.15~rc1-1
python-all-dev,,2.7.15~rc1-1
python-apt-common,,1.6.5ubuntu0.5
python-asn1crypto,,0.24.0-1
python-babel-localedata,,2.4.0+dfsg.1-2ubuntu1.1
python-backports.ssl-match-hostname,,3.5.0.1-1
python-cached-property,,1.3.1-1
python-certifi,,2018.1.18-2
python-cffi-backend,,1.11.5-1
python-chardet,,3.0.4-1
python-crypto,,2.6.1-8ubuntu2
python-cryptography,,2.1.4-1ubuntu1.4
python-dbus,,1.2.6-1
python-dev,,2.7.15~rc1-1
python-docker,,2.5.1-1
python-dockerpty,,0.4.1-1
python-dockerpycreds,,0.2.1-1
python-docopt,,0.6.2-1build1
python-enum34,,1.1.6-2
python-funcsigs,,1.0.2-4
python-functools32,,3.2.3.2-3
python-gi,,3.26.1-2ubuntu1
python-idna,,2.6-1
python-ipaddress,,1.0.17-1
python-jsonschema,,2.6.0-2
python-keyring,,10.6.0-1
python-keyrings.alt,,3.0-1
python-minimal,,2.7.15~rc1-1
python-mock,,2.0.0-3
python-openssl,,17.5.0-1ubuntu1
python-pbr,,3.1.1-3ubuntu3
python-pip,,9.0.1-2.3~ubuntu1.18.04.5
python-pip-whl,,9.0.1-2.3~ubuntu1.18.04.5
python-pkg-resources,,39.0.1-2
python-pygments,,2.2.0+dfsg-1ubuntu0.2
python-requests,,2.18.4-2
python-secretstorage,,2.3.1-2
python-setuptools,,39.0.1-2
python-six,,1.11.0-2
python-talloc,,2.1.10-2ubuntu1
python-texttable,,0.9.1-1
python-urllib3,,1.22-1
python-websocket,,0.44.0-0ubuntu2
python-wheel,,0.30.0-0.2
python-xdg,,0.25-4ubuntu1.1
python-yaml,,3.12-1build2
python2.7,,2.7.17-1~18.04ubuntu1.6
python2.7-dev,,2.7.17-1~18.04ubuntu1.6
python2.7-minimal,,2.7.17-1~18.04ubuntu1.6
python3,,3.6.7-1~18.04
python3-alabaster,,0.7.8-1
python3-apport,,2.20.9-0ubuntu7.27
python3-apt,,1.6.5ubuntu0.5
python3-aptdaemon,,1.1.1+bzr982-0ubuntu19.5
python3-aptdaemon.gtk3widgets,,1.1.1+bzr982-0ubuntu19.5
python3-asn1crypto,,0.24.0-1
python3-babel,,2.4.0+dfsg.1-2ubuntu1.1
python3-brlapi,,5.5-4ubuntu2
python3-cairo:amd64,,1.16.2-1
python3-certifi,,2018.1.18-2
python3-cffi-backend,,1.11.5-1
python3-chardet,,3.0.4-1
python3-click,,6.7-3
python3-colorama,,0.3.7-1
python3-commandnotfound,,18.04.4
python3-crypto,,2.6.1-8ubuntu2
python3-cryptography,,2.1.4-1ubuntu1.4
python3-cups,,1.9.73-2
python3-cupshelpers,,1.5.11-1ubuntu2
python3-dateutil,,2.6.1-1
python3-dbus,,1.2.6-1
python3-debconf,,1.5.66
python3-debian,,0.1.32
python3-defer,,1.0.6-2build1
python3-dev,,3.6.7-1~18.04
python3-distro-info,,0.18ubuntu0.18.04.1
python3-distupgrade,,1:18.04.17
python3-distutils,,3.6.9-1~18.04
python3-docopt,,0.6.2-1build1
python3-docutils,,0.14+dfsg-3
python3-feedparser,,5.2.1-1
python3-gdbm:amd64,,3.6.5-3
python3-gi,,3.26.1-2
python3-gi-cairo,,3.26.1-2
python3-httplib2,,0.9.2+dfsg-1ubuntu0.2
python3-idna,,2.6-1
python3-imagesize,,0.7.1-1
python3-jinja2,,2.10-1ubuntu0.18.04.1
python3-keyring,,10.6.0-1
python3-keyrings.alt,,3.0-1
python3-launchpadlib,,1.10.6-1
python3-lazr.restfulclient,,0.13.5-1
python3-lazr.uri,,1.0.3-2build1
python3-lib2to3,,3.6.9-1~18.04
python3-louis,,3.5.0-1ubuntu0.3
python3-macaroonbakery,,1.1.3-1
python3-mako,,1.0.7+ds1-1
python3-markupsafe,,1.0-1build1
python3-minimal,,3.6.7-1~18.04
python3-nacl,,1.1.2-1build1
python3-numpydoc,,0.7.0-1
python3-oauth,,1.0.1-5
python3-olefile,,0.45.1-1
python3-pexpect,,4.2.1-1
python3-pil:amd64,,5.1.0-1ubuntu0.6
python3-pip,,9.0.1-2.3~ubuntu1.18.04.5
python3-pkg-resources,,39.0.1-2
python3-ply,,3.11-1
python3-problem-report,,2.20.9-0ubuntu7.27
python3-prompt-toolkit,,1.0.15-1
python3-protobuf,,3.0.0-9.1ubuntu1
python3-ptyprocess,,0.5.2-1
python3-pyatspi,,2.26.0+dfsg-1
python3-pygments,,2.2.0+dfsg-1ubuntu0.2
python3-pymacaroons,,0.13.0-1
python3-renderpm:amd64,,3.4.0-3ubuntu0.1
python3-reportlab,,3.4.0-3ubuntu0.1
python3-reportlab-accel:amd64,,3.4.0-3ubuntu0.1
python3-requests,,2.18.4-2ubuntu0.1
python3-requests-unixsocket,,0.1.5-3
python3-rfc3339,,1.0-4
python3-roman,,2.0.0-3
python3-secretstorage,,2.3.1-2
python3-setproctitle:amd64,,1.1.10-1build2
python3-setuptools,,39.0.1-2
python3-sigmavirus24-urltemplate,,3.0.0-1
python3-simplejson,,3.13.2-1
python3-six,,1.11.0-2
python3-software-properties,,0.96.24.32.14
python3-speechd,,0.8.8-1ubuntu1
python3-sphinx,,1.6.7-1ubuntu1
python3-systemd,,234-1build1
python3-tz,,2018.3-2
python3-uno,,1:6.0.7-0ubuntu0.18.04.10
python3-update-manager,,1:18.04.11
python3-urllib3,,1.22-1ubuntu0.18.04.2
python3-venv,,3.6.7-1~18.04
python3-wadllib,,1.3.2-3
python3-wcwidth,,0.1.7+dfsg1-1
python3-wheel,,0.30.0-0.2
python3-xdg,,0.25-4ubuntu1.1
python3-xkit,,0.5.0ubuntu2
python3-yaml,,3.12-1build2
python3-zope.interface,,4.3.2-1build2
python3.6,,3.6.9-1~18.04ubuntu1.4
python3.6-dev,,3.6.9-1~18.04ubuntu1.4
python3.6-minimal,,3.6.9-1~18.04ubuntu1.4
python3.6-venv,,3.6.9-1~18.04ubuntu1.4
qpdf,,8.0.2-3ubuntu0.1
rabbitmq-server,,3.8.7-1
rake,,12.3.1-1
rdesktop,,1.8.3-2build1
readline-common,,7.0-3
remmina,,1.2.0-rcgit.29+dfsg-1ubuntu1.2
remmina-common,,1.2.0-rcgit.29+dfsg-1ubuntu1.2
remmina-plugin-rdp:amd64,,1.2.0-rcgit.29+dfsg-1ubuntu1.2
remmina-plugin-secret:amd64,,1.2.0-rcgit.29+dfsg-1ubuntu1.2
remmina-plugin-vnc:amd64,,1.2.0-rcgit.29+dfsg-1ubuntu1.2
rfkill,,2.31.1-0.4ubuntu3.7
rhythmbox,,3.4.2-4ubuntu1
rhythmbox-data,,3.4.2-4ubuntu1
rhythmbox-plugin-alternative-toolbar,,0.18.0-1
rhythmbox-plugins,,3.4.2-4ubuntu1
rsync,,3.1.2-2.1ubuntu1.1
rsyslog,,8.32.0-1ubuntu4
rtkit,,0.11-6
ruby,,1:2.5.1
ruby-did-you-mean,,1.2.0-2
ruby-minitest,,5.10.3-1
ruby-net-telnet,,0.1.1-2
ruby-power-assert,,0.3.0-1
ruby-test-unit,,3.2.5-1
ruby2.5,,2.5.1-1ubuntu1
rubygems-integration,,1.11
runit,,2.1.2-9.2ubuntu1
samba-libs:amd64,,2:4.7.6+dfsg~ubuntu-0ubuntu2.23
sane-utils,,1.0.27-1~experimental3ubuntu2.3
sbsigntool,,0.6-3.2ubuntu2
seahorse,,3.20.0-5
secureboot-db,,1.1
sed,,4.4-2
sensible-utils,,0.0.12
session-migration,,0.3.3
sgml-base,,1.29
shared-mime-info,,1.9-2
shotwell,,0.28.2-0ubuntu1
shotwell-common,,0.28.2-0ubuntu1
simple-scan,,3.28.0-0ubuntu1
snapd,,2.49.2+18.04
socat,,1.7.3.2-2ubuntu2
software-properties-common,,0.96.24.32.14
software-properties-gtk,,0.96.24.32.14
sound-icons,,0.1-6
sound-theme-freedesktop,,0.8-2ubuntu1
speech-dispatcher,,0.8.8-1ubuntu1
speech-dispatcher-audio-plugins:amd64,,0.8.8-1ubuntu1
speech-dispatcher-espeak-ng,,0.8.8-1ubuntu1
sphinx-common,,1.6.7-1ubuntu1
spice-vdagent,,0.17.0-1ubuntu2.2
squashfs-tools,,1:4.3-6ubuntu0.18.04.4
ssh-import-id,,5.7-0ubuntu1.1
ssl-cert,,1.0.39
strace,,4.21-1ubuntu1
strongswan,,5.6.2-1ubuntu2
strongswan-charon,,5.6.2-1ubuntu2
strongswan-libcharon,,5.6.2-1ubuntu2
strongswan-starter,,5.6.2-1ubuntu2
sudo,,1.8.21p2-3ubuntu1.4
syslinux,,3:6.03+dfsg1-2
syslinux-common,,3:6.03+dfsg1-2
syslinux-legacy,,2:3.63+dfsg-2ubuntu9
sysstat,,11.6.1-1ubuntu0.1
system-config-printer,,1.5.11-1ubuntu2
system-config-printer-common,,1.5.11-1ubuntu2
system-config-printer-udev,,1.5.11-1ubuntu2
systemd,,237-3ubuntu10.50
systemd-sysv,,237-3ubuntu10.50
sysvinit-utils,,2.88dsf-59.10ubuntu1
t1utils,,1.41-2
tar,,1.29b-2ubuntu0.2
tcl,,8.6.0+9
tcl8.6,,8.6.8+dfsg-3
tcpdump,,4.9.3-0ubuntu0.18.04.1
telnet,,0.17-41
thermald,,1.7.0-5ubuntu1
thunderbird,,1:78.14.0+build1-0ubuntu0.18.04.1
thunderbird-gnome-support,,1:78.14.0+build1-0ubuntu0.18.04.1
thunderbird-locale-en,,1:78.14.0+build1-0ubuntu0.18.04.1
thunderbird-locale-en-us,,1:78.14.0+build1-0ubuntu0.18.04.1
time,,1.7-25.1build1
tk,,8.6.0+9
tk8.6,,8.6.8-4
tmux,,2.6-3ubuntu0.2
totem,,3.26.0-0ubuntu6
totem-common,,3.26.0-0ubuntu6
totem-plugins,,3.26.0-0ubuntu6
transmission-common,,2.92-3ubuntu2
transmission-gtk,,2.92-3ubuntu2
tree,,1.7.0-5
tzdata,,2021e-0ubuntu0.18.04
ubuntu-advantage-tools,,17
ubuntu-artwork,,1:16.10+18.04.20180421.1-0ubuntu1
ubuntu-desktop,,1.417
ubuntu-docs,,18.04.3
ubuntu-drivers-common,,1:0.5.2
ubuntu-keyring,,2018.02.28
ubuntu-minimal,,1.417
ubuntu-mono,,16.10+18.04.20180421.1-0ubuntu1
ubuntu-release-upgrader-core,,1:18.04.17
ubuntu-release-upgrader-gtk,,1:18.04.17
ubuntu-report,,1.0.11
ubuntu-session,,3.28.1-0ubuntu2
ubuntu-settings,,18.04.5
ubuntu-software,,3.28.1-0ubuntu4
ubuntu-sounds,,0.13
ubuntu-standard,,1.417
ubuntu-system-service,,0.3.1
ubuntu-wallpapers,,18.04.1-0ubuntu1
ubuntu-wallpapers-bionic,,18.04.1-0ubuntu1
ubuntu-web-launchers,,18.04.5
ucf,,3.0038
udev,,237-3ubuntu10.50
udisks2,,2.7.6-3ubuntu0.2
ufw,,0.35-5
unattended-upgrades,,1.1ubuntu1
uno-libs3,,6.0.7-0ubuntu0.18.04.10
unrar,,1:5.5.8-1
unzip,,6.0-21ubuntu1.1
update-inetd,,4.44
update-manager,,1:18.04.11
update-manager-core,,1:18.04.11
update-notifier,,3.192
update-notifier-common,,3.192
upower,,0.99.7-2
upwork,,5.6.10-1
ure,,6.0.7-0ubuntu0.18.04.10
ureadahead,,0.100.0-20
usb-creator-common,,0.3.5
usb-creator-gtk,,0.3.5
usb-modeswitch,,2.5.2+repack0-2ubuntu1
usb-modeswitch-data,,20170806-2
usbmuxd,,1.1.0-2build1
usbutils,,1:007-4build1
util-linux,,2.31.1-0.4ubuntu3.7
uuid-runtime,,2.31.1-0.4ubuntu3.7
vim,,2:8.0.1453-1ubuntu1.7
vim-common,,2:8.0.1453-1ubuntu1.7
vim-runtime,,2:8.0.1453-1ubuntu1.7
vim-tiny,,2:8.0.1453-1ubuntu1.7
vino,,3.22.0-3ubuntu1.2
wamerican,,2017.08.24-1
wbritish,,2017.08.24-1
wget,,1.19.4-1ubuntu2.2
whiptail,,0.52.20-1ubuntu1
whoopsie,,0.2.62ubuntu0.5
whoopsie-preferences,,0.19
wireless-regdb,,2021.08.28-0ubuntu1~18.04.1
wireless-tools,,30~pre9-12ubuntu1
wpasupplicant,,2:2.6-15ubuntu2.8
x11-apps,,7.7+6ubuntu1
x11-common,,1:7.7+19ubuntu7
x11-session-utils,,7.7+2build1
x11-utils,,7.7+3build1
x11-xkb-utils,,7.7+3
x11-xserver-utils,,7.7+7build1
xauth,,1:1.0.10-1
xbitmaps,,1.1.1-2
xbrlapi,,5.5-4ubuntu2
xclip,,0.12+svn84-4build1
xcursor-themes,,1.0.4-1
xdg-user-dirs,,0.17-1ubuntu1
xdg-user-dirs-gtk,,0.10-2
xdg-utils,,1.1.2-1ubuntu2.5
xfonts-base,,1:1.0.4+nmu1
xfonts-encodings,,1:1.0.4-2
xfonts-scalable,,1:1.0.3-1.1
xfonts-utils,,1:7.7+6
xinit,,1.3.4-3ubuntu3
xinput,,1.6.2-1build1
xkb-data,,2.23.1-1ubuntu1
xl2tpd,,1.3.10-1
xml-core,,0.18
xonsh,,0.6.0+dfsg-1
xorg,,1:7.7+19ubuntu7
xorg-docs-core,,1:1.7.1-1.1
xserver-common,,2:1.19.6-1ubuntu4.9
xserver-xephyr,,2:1.19.6-1ubuntu4.9
xserver-xorg,,1:7.7+19ubuntu7
xserver-xorg-core,,2:1.19.6-1ubuntu4.9
xserver-xorg-input-all,,1:7.7+19ubuntu7
xserver-xorg-input-libinput,,0.27.1-1
xserver-xorg-input-wacom,,1:0.36.1-0ubuntu1
xserver-xorg-legacy,,2:1.19.6-1ubuntu4.9
xserver-xorg-video-all,,1:7.7+19ubuntu7
xserver-xorg-video-amdgpu,,18.0.1-1
xserver-xorg-video-ati,,1:18.0.1-1
xserver-xorg-video-fbdev,,1:0.4.4-1build6
xserver-xorg-video-intel,,2:2.99.917+git20171229-1
xserver-xorg-video-nouveau,,1:1.0.15-2
xserver-xorg-video-qxl,,0.1.5-2build1
xserver-xorg-video-radeon,,1:18.0.1-1
xserver-xorg-video-vesa,,1:2.3.4-1build3
xserver-xorg-video-vmware,,1:13.2.1-1build1
xul-ext-ubufox,,3.4-0ubuntu1.17.10.1
xwayland,,2:1.19.6-1ubuntu4.9
xxd,,2:8.0.1453-1ubuntu1.7
xz-utils,,5.2.2-1.3
yarn,,1.22.5-1
yelp,,3.26.0-1ubuntu2
yelp-xsl,,3.20.1-4
yq,,3.3.2
zeitgeist-core,,1.0-0.1ubuntu1
zenity,,3.28.1-1
zenity-common,,3.28.1-1
zerofree,,1.0.4-1
zip,,3.0-11build1
zlib1g:amd64,,1:1.2.11.dfsg-0ubuntu2
zlib1g-dev:amd64,,1:1.2.11.dfsg-0ubuntu2

/Total Softwares Installed
1978
